	A	C	D	E	F	G	H	I	K	L	M	N	P	Q	R	S	T	V	W	Y
1	0.464039	0.112329	0.991474	0.867692	0.132323	0.851848	0.527644	-0.088846	0.592673	0.091449	0.000000	0.816645	0.262445	0.759362	0.611066	0.624142	0.462156	0.074095	-0.079113	0.127446
2	0.216176	-0.064103	0.564356	0.066960	0.141471	0.515316	-0.015875	-0.044028	0.010794	0.038169	-0.163467	0.256098	0.558192	0.001170	-0.016356	0.333072	0.000000	-0.074644	0.058682	0.089289
3	0.262193	-0.442784	0.725796	0.000000	0.189212	0.521933	-0.006328	-0.491663	-0.209446	0.041059	-0.090404	0.192141	0.213176	-0.182483	-0.487294	-0.292104	-0.639794	-0.645929	0.159255	0.169838
4	2.480140	1.542192	3.373564	2.836466	0.255527	3.272544	1.892268	0.590076	3.451050	1.477908	1.545822	3.239139	3.393991	2.918925	3.196212	2.995483	2.287883	0.996884	0.867091	0.000000
5	1.462302	0.762198	2.456816	2.174170	0.344691	1.956777	0.798185	0.565823	0.000000	0.841327	0.835309	1.302166	2.221730	1.156300	-0.153136	1.250951	0.589291	0.638330	0.783740	0.478243
6	2.237150	1.360663	3.283369	3.040579	1.295027	2.839322	2.870213	-0.654323	2.889669	0.000000	0.831512	3.069531	3.156686	2.882554	2.866448	2.814339	2.353893	0.126843	2.087217	2.288894
7	1.479564	1.063736	3.217851	3.288029	1.783734	2.354535	3.092718	0.565442	3.209988	1.266106	1.687614	3.114737	3.157110	3.079506	3.176260	2.811177	1.986010	0.000000	2.373536	2.219398
8	1.614547	1.359994	2.865121	2.947120	2.458100	2.653528	2.814685	0.580278	2.879251	1.330262	1.761016	2.709388	2.505377	2.765230	2.869731	2.027098	1.338216	0.000000	2.787820	2.788999
9	1.086415	0.211592	2.216087	1.947821	0.617938	1.950052	2.157364	0.262894	2.567402	-0.008427	0.234817	2.352063	2.678533	2.073557	2.449577	1.802538	1.298267	0.000000	1.611632	1.509691
10	2.537837	2.331262	3.195859	3.265016	2.407967	0.000000	2.915351	2.998101	3.133218	2.745552	2.635553	3.054832	3.070040	3.072183	3.302920	2.839294	2.980870	2.891402	2.654439	2.704923
11	0.000000	0.395873	0.718658	0.512452	0.894127	0.282948	0.493814	0.957727	0.557201	0.786368	0.409905	0.335293	0.123196	0.298010	0.556634	-0.148016	0.113095	0.687717	0.967696	0.906476
12	0.434739	0.522937	0.755328	0.798782	0.714589	0.000000	0.836433	0.721449	0.810574	0.751756	0.623546	0.728884	0.399360	0.727037	0.843528	0.238759	0.292764	0.565052	1.026503	1.031996
13	0.882033	0.849155	1.360824	1.536894	0.947077	0.000000	1.228033	1.844141	1.522379	1.380838	1.100168	1.097613	1.963056	1.349220	1.404329	0.791886	1.106096	1.581198	1.334921	1.144805
14	0.898346	0.828927	2.378652	1.910369	2.825641	2.011625	2.501578	1.364717	2.633860	2.013256	1.890095	1.943821	2.274697	1.928007	2.781435	1.240448	0.994205	0.000000	3.241450	3.066357
15	2.265121	1.897002	2.534225	2.839369	2.408061	0.000000	2.918960	2.768247	3.012769	2.518152	2.551572	2.661378	3.290971	3.050346	3.122571	2.263459	2.607261	2.643252	2.782839	2.666437
16	1.208977	0.923350	3.213807	2.406807	0.800394	2.406972	1.332469	1.006200	0.000000	0.572896	0.687248	2.269924	3.113172	1.335614	0.656020	1.692625	1.701985	1.278125	1.033333	0.934645
17	1.538357	1.215882	2.221998	1.909626	1.993312	1.533138	1.761472	1.997388	1.811825	2.016179	1.773040	1.490146	1.921464	1.662710	1.584596	0.000000	-0.234062	1.775363	1.699103	2.126056
18	0.000000	0.871721	2.137598	1.696351	2.141917	1.382167	2.032028	1.923774	1.991247	1.662334	1.447941	1.770438	2.136798	1.395279	1.947553	0.402835	0.953302	1.523862	2.156132	2.243263
19	2.438012	1.869427	3.625765	3.674481	2.535042	3.276305	3.431736	1.116802	3.442544	0.000000	0.979302	3.116607	3.881737	3.104022	3.662243	2.623965	2.637327	1.923613	3.295575	3.547712
20	0.528197	0.529237	2.254594	2.079278	1.338472	2.016447	1.802197	-0.689111	1.493896	0.057679	0.486471	1.756141	2.536524	1.641496	1.466957	0.855624	0.000000	-0.556798	1.647472	1.794540
21	0.729782	0.158762	1.411478	1.014568	0.507654	1.501789	0.592072	0.000000	0.116935	-0.040848	0.180736	0.641553	3.018918	0.571781	-0.254914	0.818301	0.610252	0.399953	0.414375	0.509456
22	-0.094208	0.183999	1.420966	0.756914	0.642165	0.773179	0.698633	0.562862	0.743109	0.548671	-0.009835	0.211683	2.112430	0.000000	0.647899	0.118457	0.472495	0.239754	0.874702	0.742072
23	1.762835	1.053514	2.890930	2.720414	-0.880515	2.617686	2.042709	1.239419	2.717635	0.000000	0.595116	2.660330	2.966215	2.448513	2.695171	2.459270	2.562993	1.634773	0.780220	0.800483
24	1.004327	0.556839	1.795798	1.822050	0.788265	1.818541	1.774008	0.000000	1.812384	0.419756	0.722218	1.566427	2.334019	1.624598	1.844315	1.160905	0.843130	0.185320	1.555259	1.600950
25	-0.073010	-0.795646	0.437082	0.050739	-1.150630	0.285124	-0.256170	-0.121088	0.307352	-0.457926	-0.512070	0.030284	1.981978	0.000000	0.165104	-0.023998	-0.191943	-0.121370	-0.767943	-0.839363
26	0.889411	0.365754	0.338211	0.851621	1.062139	0.002946	0.536103	1.614939	0.726907	1.124256	0.761045	0.000000	2.702471	0.573135	0.850064	0.756915	1.559644	1.753718	1.129243	1.133000
27	-0.049704	-0.532688	0.372775	0.038774	-0.050233	0.584013	0.000000	-0.418966	0.013752	-0.342166	-0.339832	0.370916	2.012404	-0.008271	-0.130243	0.084221	0.004837	-0.494421	-0.119460	-0.013260
28	1.763510	1.283664	2.114767	2.024293	0.000000	2.046022	1.416543	1.579600	2.189732	1.541749	1.533152	1.933229	2.367416	2.087208	2.050033	1.758466	1.797674	1.496208	0.198234	0.149627
29	0.450803	0.146350	0.272581	0.498893	0.602847	0.848464	0.435381	0.180854	0.489084	0.538290	0.600608	0.276228	0.715459	0.444767	0.602555	0.031236	0.025896	0.000000	0.618706	0.624477
30	0.235552	0.258261	0.000000	0.114224	0.581675	0.383339	0.517360	0.535620	0.795009	0.604646	0.569127	0.481418	0.287398	0.528942	0.892820	0.246998	0.344002	0.447720	0.485066	0.591347
31	-0.113336	-0.283426	-0.000276	0.000000	0.065906	-0.153962	0.040408	0.023791	0.232520	0.141179	0.105268	0.049876	0.799979	0.163980	0.258173	-0.155682	-0.160777	-0.106201	0.109709	0.107023
32	0.704352	0.376839	1.003507	0.935668	0.052933	0.940634	0.722532	0.618447	0.962183	0.580469	0.534512	0.999001	0.829960	0.844857	0.715982	0.791532	0.777504	0.583439	0.003570	0.000000
33	-0.000276	-0.231216	0.000000	0.285641	-0.056134	0.286512	-0.030689	-0.026674	0.049026	0.046864	0.086093	0.073337	0.570950	0.095899	-0.012059	-0.007107	-0.023132	-0.065545	-0.151836	-0.035277
34	0.587916	0.512561	0.747974	0.794491	0.728474	0.586172	0.812328	0.817603	0.843564	0.816928	0.819565	0.754715	0.000000	0.795142	0.871169	0.567855	0.691859	0.848072	0.780568	0.874208
35	0.460736	0.816206	1.086195	1.075913	1.260553	0.609946	0.776542	1.042536	0.726167	1.186796	1.053217	0.471298	0.739277	0.659469	0.699239	0.051425	0.000000	0.673159	1.368229	1.355377
36	0.552539	0.373483	0.939449	0.766991	0.940284	1.025059	0.841008	0.000000	0.496360	0.364927	0.627979	0.892178	0.833099	0.698476	0.466617	0.627718	0.585432	0.124086	0.892540	1.045884
37	-0.264041	-0.048349	-0.170613	0.000000	0.566046	0.352600	0.246765	0.230045	0.495189	0.357763	0.226480	-0.091800	0.108758	0.167443	0.434498	-0.163271	-0.144493	-0.076593	0.529884	0.567292
38	-0.390262	-0.106680	0.000000	-0.108978	-0.085127	0.060629	-0.211938	0.478737	-0.231772	0.337802	-0.038460	-0.058672	1.458925	-0.305692	-0.316942	-0.302560	0.012849	0.327158	0.148719	0.259858
39	0.320332	-0.227562	0.841994	0.475075	-0.258064	0.762683	-0.033028	-0.352149	-0.038538	-0.356016	-0.139199	0.185468	0.819343	0.059577	-0.140593	0.000000	-0.262475	-0.274263	-0.026312	0.013472
40	1.538303	0.898220	2.292690	1.978309	0.189979	2.053826	0.645222	1.097045	1.122625	0.939781	0.907186	1.636686	2.056522	1.322427	0.971657	1.592025	1.597805	1.159898	0.189658	0.000000
41	1.384716	0.762701	2.012741	1.461071	0.934532	1.550488	0.716638	0.665583	0.440481	0.807414	0.936323	1.181873	1.811051	0.847842	0.000000	0.814614	0.562822	0.762243	1.087162	0.930619
42	0.817570	0.407934	2.509803	1.977534	0.683814	1.867823	1.004535	0.295902	0.000000	0.285789	0.431326	1.793773	2.814380	1.030783	0.283924	1.302577	1.022288	0.198228	0.788199	0.642345
43	0.331030	-0.173840	0.963297	0.107273	-0.088227	1.028445	0.238557	-0.292378	0.175263	-0.172585	-0.083692	0.601375	0.967572	0.000000	0.093492	0.394219	0.074063	-0.237927	-0.060510	-0.090975
44	0.792596	0.510458	2.613993	2.143886	0.967772	2.112226	2.131639	0.846158	1.888735	1.258365	1.017293	2.611277	3.336379	1.985356	1.794630	1.759181	1.753895	0.000000	1.569794	1.573890
45	1.339454	0.408438	1.218512	0.745268	0.791434	2.029376	0.878126	0.117423	0.857512	0.563791	0.759323	1.011370	2.795488	0.825250	0.864548	1.028463	0.586903	0.000000	1.089759	0.819329
46	2.066756	1.376131	2.726264	2.779354	1.086991	2.754138	2.075395	0.000000	2.740348	0.986145	1.423604	2.711244	2.969054	2.621471	2.743339	2.565915	2.400414	0.679142	1.132008	1.160137
47	1.661663	0.538496	0.000000	0.736560	0.933496	1.387249	1.339685	2.568777	2.402034	1.797714	1.573944	0.821967	3.098149	1.820544	2.311045	1.779746	2.301031	2.762183	0.916214	1.014598
48	1.905322	1.048676	1.510059	1.664328	1.562911	0.000000	1.604201	2.312109	1.911520	1.604388	1.634764	1.280776	2.836340	1.782492	2.138170	1.792840	2.067272	2.426238	1.807349	1.730169
49	0.925166	0.435568	0.994612	0.000000	0.932926	1.673948	0.823526	0.490961	0.888483	0.704282	0.533197	1.080145	3.316049	0.484518	0.969459	1.143090	1.015598	0.354702	0.986917	0.881827
50	0.043786	-0.287496	0.517761	-0.043550	0.237313	0.765620	0.171899	-0.163745	0.021908	-0.436662	-0.167289	0.270420	0.151819	0.049406	0.173500	0.202855	0.000000	-0.110149	0.002498	0.163949
51	0.021584	0.000000	2.430558	2.109850	0.794191	0.875904	1.987475	-0.032555	2.372495	0.391842	0.611003	2.378170	2.379238	2.107097	2.324884	1.464330	1.471637	-0.452652	1.350268	1.147956
52	1.332140	0.321846	1.588826	1.011398	0.375294	2.066854	0.969296	-0.210928	1.026383	0.000000	0.408329	1.201510	2.616159	0.953330	0.927611	1.117308	0.545827	-0.035558	0.471261	0.491629
53	2.604146	1.724801	2.936334	2.764754	1.480061	2.695600	2.981021	1.009427	3.030410	0.000000	1.113335	3.021410	3.213781	2.901966	3.051258	2.999538	2.822222	1.588539	2.470005	2.444270
54	-0.065781	-0.782302	0.000000	-0.640924	-0.318464	0.374521	-0.446826	-1.178556	-0.113144	-0.819881	-0.527516	-0.062047	1.542504	-0.492999	0.050080	-0.313451	-0.273068	-0.965481	-0.612374	-0.461054
55	2.527664	2.032218	2.848278	2.835266	2.229630	2.691752	2.982384	0.000000	2.873327	1.185269	1.726965	2.883368	2.611615	2.888851	2.896795	2.880273	2.641943	0.796012	2.554949	2.741717
56	0.928602	0.332713	1.487038	1.277380	0.094372	1.690643	0.585638	-0.132722	0.520259	0.000000	0.288489	1.097718	1.840368	0.762255	0.566184	1.033074	0.485393	-0.004685	0.278968	0.166711
57	2.407006	1.567542	0.000000	1.897718	2.355033	2.325423	2.304506	2.275329	2.677247	2.378608	2.293822	1.542456	2.348309	2.432693	2.738781	1.938521	2.025619	2.147468	2.367828	2.669424
58	1.034235	0.527468	1.539756	1.656425	1.132364	1.366662	1.704808	0.240087	1.778202	0.140958	0.328516	1.469316	1.223480	1.384922	1.674450	1.068130	0.000000	0.200182	1.577485	1.745484
59	0.000000	0.094957	-0.219222	0.296193	0.488384	0.300952	0.249643	0.309730	0.265973	0.337924	0.402600	-0.185192	-0.681924	0.225544	0.284510	-0.231070	-0.071842	0.179528	0.567365	0.623868
60	2.171714	2.250366	2.331537	2.356407	2.652926	0.000000	2.563634	2.989222	2.789747	2.798143	2.550557	2.507648	2.222513	2.477397	2.963288	2.330900	2.633961	2.825145	2.725595	2.851617
61	0.096966	-0.153987	-0.276694	-0.120076	0.006321	-0.186111	0.088944	0.527834	0.541016	0.382417	0.251740	-0.104316	0.588094	0.000000	0.452579	-0.056935	-0.023577	0.366573	0.007656	0.079421
62	0.373134	0.205388	0.176685	0.000000	0.534077	0.474780	0.545818	0.651551	1.024408	0.426701	0.341911	0.472210	0.750981	0.463945	1.073311	0.473387	0.743329	0.641197	0.465150	0.603255
63	0.178136	0.181106	0.318984	0.000000	0.700699	0.290972	0.352752	0.442086	0.329863	0.493820	0.358824	0.377157	0.495058	0.128868	0.433770	0.294078	0.426186	0.284172	0.739525	0.696451
64	0.578639	-0.171041	0.069858	0.493589	-0.017357	0.763124	0.386909	0.404351	0.653282	0.221833	0.284307	0.126390	1.102174	0.481417	0.595241	0.242311	0.390710	0.470383	-0.075189	0.000000
65	-0.127371	0.312524	0.211286	-0.043181	0.690142	0.219468	0.152280	0.313346	0.015724	0.400823	0.194281	0.264450	-0.438739	-0.335376	0.126462	0.000000	0.241517	0.301831	0.375583	0.693693
66	0.000000	0.079495	0.512100	0.022616	0.255213	0.097786	0.331342	0.507354	0.359818	0.451888	0.325436	0.592893	0.528946	0.200997	0.427348	0.327812	0.430383	0.428241	0.078715	0.285806
67	0.504633	0.281588	1.008632	0.670835	0.455137	0.937495	0.388482	-0.541155	-0.155336	-0.339145	0.000000	0.576078	0.928687	0.274389	-0.165775	0.559466	0.440827	-0.140459	0.605526	0.607674
68	0.884364	0.206448	1.468109	1.156514	-0.576702	1.432838	0.805399	0.017583	0.372419	-0.465145	-0.160845	1.076386	1.260910	0.770706	0.000000	1.199916	0.978817	0.535143	-0.057047	0.078919
69	0.511667	0.352891	0.000000	0.110369	0.832957	1.310279	0.756905	0.569908	0.909013	0.671808	0.657561	0.682104	2.311610	0.667793	0.894491	0.802458	0.827185	0.584087	0.777743	0.829347
70	0.267482	-0.048139	0.611043	0.031707	-0.012717	0.745317	0.051594	0.101573	-0.090127	0.128220	0.170323	0.471187	1.866412	0.000000	-0.134123	0.352933	0.518869	0.310449	-0.102862	-0.148853
71	1.315738	1.407172	2.917623	2.520108	0.325183	2.586245	1.432084	1.092607	1.821035	1.274549	1.329558	2.407631	2.544274	1.993814	1.823074	2.044426	2.069465	1.215266	0.291150	0.000000
72	0.756954	0.547479	1.409075	1.337712	-1.223613	1.690742	0.737982	0.102424	1.827972	0.121874	0.000000	1.261642	1.886451	1.470525	1.527301	1.316985	1.259066	0.622655	-0.711580	-1.203398
73	0.512100	0.800338	2.114636	1.156880	0.740273	1.429492	0.971847	0.698754	0.263438	0.394729	0.399523	1.492988	2.980704	0.684374	0.000000	0.974105	1.023601	0.899413	0.795912	0.766339
74	-0.397271	-0.347396	0.007779	-0.331302	-0.087494	0.080942	0.011373	-0.279049	-0.098674	-0.070390	-0.400004	0.194237	1.759959	-0.336732	-0.009628	-0.205086	0.000000	-0.127417	-0.216107	-0.098941
75	0.268018	1.443755	2.425032	2.158730	1.855471	0.000000	2.206025	2.186804	2.009869	2.044127	1.842577	2.131009	2.395523	2.151497	2.113900	1.527339	2.098762	2.035398	1.860584	2.232200
76	1.567230	0.899869	0.393653	0.000000	1.753446	2.057368	1.434921	2.027796	2.226356	1.694276	1.201717	1.519969	2.918355	0.861067	2.296166	1.633627	1.706565	1.987860	1.490459	1.748433
77	2.373695	2.162125	2.903610	2.850912	2.313548	0.000000	2.724699	2.715406	2.864248	2.565772	2.621776	2.811737	2.822409	2.877461	2.924905	2.922063	3.106694	2.801333	2.250263	2.563465
78	2.544543	1.731225	3.262837	3.033560	0.000000	3.028088	2.362195	1.929860	3.052875	2.229763	2.171009	3.000212	3.200552	3.075274	2.892740	2.918530	2.555589	1.871169	1.674608	1.028715
79	2.554817	1.900015	3.782760	3.923539	2.454482	3.493021	3.935781	0.424076	3.664199	0.000000	1.687840	3.837171	3.509244	3.852068	3.746061	3.736708	3.435495	0.897291	3.466488	3.526510
80	0.849337	0.000000	1.707389	1.523927	-0.135452	1.491303	1.442660	-0.881572	1.975249	-0.995482	-0.063986	1.569546	1.617363	1.728921	1.929399	1.473415	0.974127	-0.510342	1.203102	0.909004
81	2.014908	1.358934	3.450594	3.126784	3.083297	3.251133	3.551550	0.803695	3.391483	1.424659	1.679023	3.350693	3.223454	2.914803	3.395986	2.604290	1.652337	0.000000	3.436922	3.425548
82	2.116696	1.628619	3.118817	3.046346	0.000000	2.564999	2.291037	1.966873	2.950590	1.580172	1.697499	2.852840	3.194487	2.960729	2.918185	2.325777	2.343286	2.086707	2.139026	1.534486
83	0.000000	1.233315	-0.089986	1.438644	2.747159	0.298343	1.865703	2.596639	1.873390	2.455377	1.907584	1.255037	1.695728	1.603123	2.156978	0.104485	1.454682	2.443536	2.693225	2.892558
84	1.252839	0.978637	2.764847	2.484614	1.354695	1.643523	1.349836	0.000000	1.027111	0.402821	0.740609	1.959237	2.261832	1.253528	1.318138	1.505779	1.234261	0.225493	1.294242	1.462311
85	1.058145	0.361500	-0.636954	0.678147	1.344999	0.407798	1.104826	1.138932	1.814305	1.094920	1.066895	0.000000	2.186402	1.440001	1.848647	0.612131	0.727922	1.148341	1.399014	1.511017
86	0.977166	0.446208	-0.459777	0.611186	1.621436	1.101367	1.107916	1.289751	1.400692	1.314546	1.113473	0.000000	2.740547	1.014261	1.482079	0.175022	1.161157	1.189588	1.741092	1.763595
87	-0.678864	-0.461214	0.727221	-0.064651	-0.579898	0.245703	-0.286749	-0.543640	-0.689380	-0.719556	-0.611295	0.366403	-0.104714	-0.278837	-0.715232	-0.128543	0.000000	-0.485859	-0.524162	-0.648784
88	0.106436	0.455017	0.735816	0.452986	0.601131	0.589674	0.558191	0.393411	0.000000	0.350642	0.351432	0.730066	1.290756	0.183098	0.191457	0.466227	0.527875	0.319960	0.587438	0.634358
89	0.668853	1.373704	0.949493	1.154397	2.414639	1.240213	1.741931	2.132156	2.352660	2.148934	1.678834	1.773081	2.745253	1.396056	2.601676	0.000000	0.577544	1.982213	2.335692	2.379953
90	2.906622	1.942799	3.971462	3.702104	0.000000	3.610168	3.236873	2.369731	3.457845	1.184109	1.722671	3.872229	3.691845	3.566939	3.542765	3.688594	3.848650	2.792937	1.807535	1.971234
91	0.105870	-0.251781	0.276628	0.000000	-0.260404	0.879827	-0.015295	-0.085140	0.167976	-0.426232	-0.333367	-0.014586	2.698182	0.029342	0.178563	0.334704	0.411381	0.213771	-0.177375	-0.304134
92	-0.665570	-0.204326	0.000000	-0.402893	0.107307	0.412045	0.036690	-0.334204	-0.411354	-0.627066	-0.723014	-0.127759	2.462164	-0.613525	-0.309737	-0.189890	0.082300	-0.050491	0.027617	0.079741
93	1.406826	1.383958	3.121312	2.787828	1.938502	2.595877	2.886164	0.000000	2.810921	0.214314	0.887796	2.901274	2.806053	2.392458	2.911368	2.036352	1.614038	0.437596	2.364264	2.720817
94	-0.079730	0.314127	0.031660	0.233530	0.261411	0.549929	0.000000	0.369767	0.373614	0.507323	0.317036	0.525520	1.184046	0.215632	0.396159	0.297368	0.399070	0.412423	0.312156	0.284874
95	0.185560	0.019824	0.272034	0.197157	-0.075250	0.504354	0.020593	0.157045	-0.032683	0.277620	0.243738	0.094402	1.782398	0.000000	-0.021704	0.175382	0.372864	0.385809	-0.153396	-0.200259
96	1.457685	0.820447	1.603145	1.143856	0.129960	2.226041	0.839622	0.135913	1.716783	0.499299	0.646226	1.726172	1.926470	1.185655	1.670752	1.671067	1.079588	0.425027	0.338641	0.000000
97	0.177584	-0.502756	1.284339	1.166710	-1.421287	0.834776	0.413803	-2.285173	0.454634	-1.994622	-1.439028	0.993457	0.879090	0.703591	0.000000	0.958635	0.566515	-1.392611	-1.019053	-0.928667
98	0.305502	0.357530	0.330852	0.000000	0.942963	1.200304	0.726830	0.496711	0.444882	0.396641	0.351704	0.622304	2.939598	0.336374	0.526317	0.705724	0.816099	0.654764	0.866028	0.935618
99	0.320006	0.617922	0.677950	0.239645	0.894788	1.228157	0.503010	0.709458	0.435351	0.516406	0.436240	0.359491	2.335510	0.000000	-0.233946	0.697106	0.873411	0.961843	0.911861	1.076463
100	1.710164	1.850180	2.932183	2.824558	1.971081	2.757388	2.774625	0.000000	2.660366	1.004051	1.363215	2.780488	3.116726	2.627579	2.574495	2.622531	2.311248	1.152999	2.326842	2.470393
101	0.419252	0.168454	1.842543	0.600360	-0.139987	1.366087	0.102275	-0.371228	0.000000	-0.216939	-0.214882	0.740255	2.436173	0.244955	-0.063658	0.698131	0.395829	0.022932	0.026525	-0.118650
102	0.865181	0.882169	2.019146	1.453750	1.124236	1.768678	1.096830	0.758145	0.362644	0.636022	0.693394	1.258816	3.524845	0.897707	0.000000	1.119763	1.161061	1.072293	1.154905	1.110681
103	1.300494	1.188449	2.617712	2.059299	1.539981	2.604242	2.009062	0.180887	1.877338	1.091811	1.090547	2.116280	2.838036	1.688614	1.862123	1.761000	1.037074	0.000000	1.759885	1.749748
104	1.469743	1.002954	3.053842	2.770301	1.102192	2.363734	1.355108	0.949547	0.000000	0.266505	0.413522	1.992526	3.289501	1.139247	0.391643	1.593547	1.011636	1.173549	1.417426	1.068689
105	0.293835	-0.143915	0.000000	0.297426	0.508423	-0.393280	0.104152	1.138607	0.146053	0.410978	0.173894	-0.286566	1.867910	-0.085525	0.383160	0.417117	1.048036	1.264521	0.818822	0.745585
106	0.738472	0.578231	0.311015	0.341055	1.584443	0.889688	1.189163	1.181954	1.135144	0.833294	0.844189	0.734904	1.806828	0.732491	1.266588	0.000000	0.054900	1.131129	1.686310	1.705853
107	0.578670	0.348668	0.000000	0.012347	0.625549	1.039905	0.666331	0.594661	0.816572	0.493189	0.489251	0.550240	0.938645	0.586222	1.016323	0.534894	0.620567	0.564766	0.640290	0.657456
108	1.270233	0.623232	0.000000	0.790309	0.737261	1.807127	0.785850	0.792890	1.253728	0.938025	0.923360	0.759956	2.687878	1.060719	1.279475	1.003745	0.957314	0.993762	0.669111	0.576218
109	1.557413	0.899979	2.054293	1.743513	1.043637	2.371747	2.070775	0.125155	2.434652	0.565632	0.972149	2.143479	1.930987	2.074572	2.434581	1.928053	1.289116	0.000000	1.503270	1.473172
110	0.777883	1.017259	2.845804	2.379004	1.461606	2.128953	2.069787	1.151492	1.947261	1.478967	1.474156	2.277521	0.000000	2.163361	2.162111	1.617893	1.922881	0.933398	1.498412	1.464107
111	1.196355	0.631927	3.032746	1.556602	1.170485	1.924043	2.522985	0.752449	2.949470	0.697816	0.000000	2.786880	2.923777	1.902435	2.846712	1.929506	1.639275	0.753989	1.679958	1.772875
112	2.594902	1.634936	4.130045	3.719773	2.390012	3.516662	3.409402	0.675758	3.058951	1.650582	2.060406	3.505994	3.681557	3.276940	3.008983	3.239291	2.357752	0.000000	2.790677	2.753821
113	2.514318	1.840149	3.476672	3.232438	1.352402	3.025063	3.086766	0.901633	3.213744	0.000000	1.015835	3.347717	3.139127	3.103284	3.259872	3.114870	2.874116	1.682565	2.098222	2.127285
114	2.137341	1.480378	3.097876	3.150867	2.388324	2.885487	2.997885	0.722131	3.059494	1.811417	2.155126	2.910430	2.833383	2.987440	3.112897	2.670975	2.394031	0.000000	2.818332	2.903908
115	0.595061	1.517191	2.717578	2.326883	2.236634	0.000000	2.354040	1.557642	2.009515	1.529059	1.476838	2.351871	2.303146	1.860378	2.153132	1.269690	1.603214	1.467834	2.225511	2.410866
116	1.046093	0.812534	1.871583	1.615832	1.844256	1.714894	1.256878	1.342318	1.892942	1.375156	1.300123	0.000000	2.065169	1.384982	1.669149	0.595268	1.132801	1.397702	1.723397	1.996569
117	1.201065	0.645465	3.231560	2.541250	0.575575	1.891311	1.315686	0.732541	0.000000	0.046881	-0.166527	1.973734	3.274510	0.923227	0.919133	1.598166	1.743431	0.805231	1.216770	0.950433
118	-0.370723	0.000000	1.712075	1.279706	0.415598	0.866513	0.887486	-0.229458	0.820910	0.215042	-0.147021	0.948771	2.701084	0.766350	0.862940	-0.006273	0.276814	-0.373716	0.033551	0.341815
119	1.931274	1.162805	0.000000	0.927054	2.125287	1.965479	1.978536	2.291995	2.499124	2.158588	1.910591	1.583219	2.340612	1.885350	2.552468	1.720960	1.936806	2.368918	1.969176	2.280488
120	0.666282	0.060610	0.006296	0.106390	1.245407	0.972656	0.949025	0.251598	1.080010	0.000000	0.450907	0.687337	1.668564	0.597981	1.241951	0.245599	0.461208	0.334848	1.296834	1.287549
121	0.000000	-0.038766	0.202887	0.014959	0.397256	0.265128	0.289368	0.014494	0.096863	0.014286	0.124538	0.152405	-0.017008	0.148161	0.249309	0.101426	0.102332	-0.028877	0.525307	0.480460
122	0.000000	-0.390954	-0.287173	-0.180437	-0.068345	0.007891	0.046505	-0.073844	0.297150	-0.244178	-0.122493	-0.289295	0.729558	0.027690	0.331508	0.052698	0.035392	0.116674	-0.124212	-0.026366
123	1.255432	0.858932	2.026966	1.562652	0.954296	1.148247	1.061842	1.038892	0.438251	1.060057	0.948867	1.355932	1.423382	0.973461	0.000000	1.159681	1.166223	1.077419	0.966662	0.974678
124	0.384805	0.139910	1.123336	0.557217	1.017616	1.213687	0.876023	0.310413	0.509086	0.103386	0.165883	0.819950	2.559533	0.382967	0.599943	0.278785	0.000000	0.146803	1.277625	1.098985
125	2.486642	1.393326	3.295844	3.149562	1.906151	3.001138	2.750906	0.453125	2.714469	1.545112	1.791246	2.715647	2.963964	2.780021	2.687173	2.726111	1.948607	0.000000	2.093749	2.143201
126	0.124172	0.183587	-0.395777	0.000000	0.912889	0.453804	0.331386	0.638541	0.619978	0.238673	0.546714	0.219950	0.046643	0.419856	0.802525	-0.458672	-0.363567	0.606759	0.975197	1.045619
127	0.104879	0.314526	0.781455	0.503986	0.412412	0.422217	-0.029091	0.334174	-0.076735	0.461925	0.429214	0.439091	-0.160521	0.243190	-0.117124	0.000000	0.126280	0.460688	0.567112	0.397239
128	-0.111477	0.106110	0.340270	0.234993	0.260103	0.293716	0.080197	0.223149	-0.091012	0.180842	0.171779	0.263117	1.170526	-0.007285	0.000000	0.023380	0.159967	0.195318	0.147243	0.264250
129	0.193267	0.124977	0.278337	0.047917	0.717757	1.381337	0.664475	0.075826	0.112473	0.158511	0.124498	0.754409	2.204802	0.000000	0.051161	0.602430	0.372155	0.084590	0.702798	0.706015
130	0.000000	1.410863	2.531476	2.190872	2.097051	1.033347	2.523489	0.824125	2.258381	1.637385	1.475196	2.586768	2.496935	2.088781	2.292813	1.708167	1.862869	0.826100	2.079582	2.273923
131	0.070332	0.285814	1.035397	-0.058360	0.428363	0.987941	0.564162	-0.095224	0.184041	-0.090844	-0.006767	0.982256	2.479043	0.000000	0.211503	0.626241	0.798240	0.312737	0.615692	0.417769
132	-0.193743	-0.119896	0.000000	-0.037058	0.230257	0.692459	0.283637	0.219838	0.108036	0.019649	-0.075938	0.303253	2.598250	0.011143	0.137472	0.241137	0.455052	0.382639	0.191710	0.326583
133	0.954201	0.420595	1.264414	0.870132	0.225678	2.173627	1.276378	0.119561	1.842836	0.000000	0.335092	1.686375	3.210665	1.300020	1.848007	1.509327	1.145301	0.282765	0.423736	0.032962
134	0.000000	1.662110	3.163921	2.772352	2.633719	1.851775	2.792637	2.210848	2.656821	2.488784	2.187773	2.779218	3.292488	2.626593	2.607921	1.304109	2.345231	2.063875	2.495600	2.622927
135	0.591463	0.525626	1.002077	0.830620	0.972959	1.282630	0.724923	0.474791	0.170154	0.453233	0.527213	0.677541	3.189704	0.555220	0.000000	0.853943	0.911847	0.730124	1.064294	0.994616
136	0.136694	-0.025075	0.710979	0.277200	0.315083	0.820241	0.325999	0.147778	-0.253988	0.072111	-0.017757	0.466614	2.685204	0.028835	-0.157408	0.000000	0.371941	0.405461	0.323850	0.319061
137	1.214861	1.019382	2.291471	1.412935	0.328286	2.316989	1.322650	1.049138	2.190561	0.373049	0.402652	1.701576	2.832089	1.256720	2.127334	1.749714	1.866145	1.382853	-0.626040	0.000000
138	1.001891	0.484072	1.016403	1.398151	1.559151	0.000000	0.672226	1.921717	0.625175	1.481461	1.217131	0.028706	2.831044	0.792119	0.676178	0.911695	1.735253	2.062797	1.804444	1.624414
139	0.780603	0.707314	1.994528	2.157253	0.687188	2.116630	1.747808	0.000000	2.593277	0.616883	0.691217	2.041432	2.764789	2.002625	2.523727	1.412342	1.017096	0.189124	0.340042	0.553972
140	-0.014677	0.202338	1.334262	0.924622	0.728782	0.636717	0.584358	0.850188	0.283778	0.681097	0.464528	0.672214	0.000000	0.393024	0.285210	0.355282	0.520414	0.748974	0.995045	0.841857
141	2.917877	2.325838	3.795970	3.437687	0.337465	3.257752	2.374290	2.264960	3.263228	2.128531	2.220967	3.404845	3.111140	3.229131	2.981596	3.070034	2.946811	2.332566	0.920961	0.000000
142	2.268543	1.127293	3.752352	3.088500	0.743253	3.268293	1.797887	0.000000	1.975866	0.852874	1.222694	2.932127	3.764078	2.512736	1.966271	2.697206	1.940639	0.434894	1.333452	0.895876
143	0.869852	0.446133	1.327283	0.000000	1.000944	1.295141	1.399607	1.000634	1.519554	0.558917	0.766021	1.448409	1.290708	0.901939	1.605742	1.124961	1.100646	0.873732	1.358640	1.162918
144	0.607903	0.117318	3.275016	3.148633	2.629903	2.651225	3.151478	0.573736	2.899474	1.040747	1.320217	2.786046	3.337023	2.731578	2.648029	1.364348	0.000000	-0.161937	3.268079	3.082492
145	1.032518	1.023585	1.763994	2.432257	2.451945	1.910796	2.318582	1.730323	2.396412	2.065986	2.040838	1.605498	2.903508	2.359819	2.488576	0.000000	1.101966	1.399661	2.502805	2.447906
146	0.000000	0.871244	3.115853	2.250414	2.619155	1.740522	2.325053	1.480093	2.451595	1.763487	1.600394	2.181480	2.171475	1.929556	2.352236	1.017692	1.371273	1.125492	2.780860	2.527142
147	0.570285	0.762081	2.689690	1.466107	0.887537	1.468828	1.232970	1.288327	0.000000	0.630488	0.510386	1.693517	2.609128	0.621056	-0.260478	1.101000	1.800703	1.534948	1.092733	1.014875
148	1.594838	0.925329	1.645748	1.737227	1.748762	1.619751	1.453464	1.750391	1.692672	1.258397	1.473796	0.985749	2.990802	1.569512	1.657384	0.676190	0.000000	1.731039	1.819818	1.757249
149	0.042157	-0.153232	1.170961	0.919113	-0.210151	-1.065348	0.037563	1.176875	0.100260	0.345073	-0.008997	0.148827	1.694110	-0.085436	0.000000	0.077863	0.781784	1.191990	0.185791	0.142475
150	0.069766	-0.232262	0.825283	0.332679	-0.494160	0.963878	-0.076594	-0.308924	0.034420	-0.228070	-0.202354	0.512772	2.383061	0.000000	0.088128	0.312079	0.202188	-0.247929	-0.291407	-0.459672
151	1.915266	1.039466	2.246832	2.540323	1.043556	0.000000	1.554357	2.320329	2.019342	1.707559	1.625486	1.193166	3.307491	2.005286	2.076632	1.770945	2.134482	2.381194	1.700845	1.519043
152	2.579975	1.711337	3.253257	3.289146	2.292032	3.364321	3.202650	0.321679	3.131781	1.256948	1.868666	3.120856	3.323073	3.081258	3.195944	2.926332	2.056358	0.000000	2.725260	2.825721
153	0.218513	0.082864	0.531223	0.000000	0.486956	1.163078	0.673674	0.458499	0.307413	0.176086	0.240856	0.672560	1.500990	0.247488	0.445085	0.611717	0.634126	0.352173	0.512380	0.554942
154	-0.191477	0.021939	0.000000	-0.308454	0.538368	0.708104	0.361645	0.157726	-0.034330	-0.127198	-0.011007	0.448843	1.784805	-0.097604	0.130602	0.424098	0.358444	0.212106	0.534545	0.517160
155	0.000000	0.788161	3.251901	2.933195	2.157436	2.136396	2.742597	1.054210	2.859065	1.246074	1.454190	2.742831	3.139811	2.618495	2.785989	1.289383	1.329998	0.671531	2.456023	2.239221
156	3.229902	2.605241	4.007013	3.940031	0.000000	3.809538	3.160612	1.876958	3.759830	2.176910	2.232555	3.838935	3.666690	3.878865	3.644196	3.859431	3.603773	2.318024	2.456046	1.332901
157	1.306800	0.953910	2.054318	1.713732	0.016368	2.122613	0.814944	1.066440	1.034161	0.781421	0.724029	1.267114	3.714097	1.258288	0.663172	1.429447	1.578029	1.447286	0.490836	0.000000
158	-0.196096	0.187777	1.637885	0.480669	0.611175	0.832906	0.561615	0.321348	0.711450	-0.033260	-0.094711	1.065966	2.532598	0.188771	0.687447	0.538884	0.000000	0.331803	0.652874	0.601463
159	2.149142	1.495421	4.115327	3.812581	2.537899	4.040274	3.811436	0.805685	3.479044	0.000000	1.442714	3.745631	4.194834	3.568348	3.422070	3.430049	2.579956	0.981594	2.718887	3.145427
160	1.670493	1.204098	3.364555	3.449716	1.319267	3.044939	2.722756	0.150831	3.376848	0.175741	1.061540	3.368401	3.460921	3.239129	3.247773	3.043710	2.396950	0.000000	1.767642	1.669646
161	1.695159	1.350349	2.376781	2.067662	1.244502	2.130958	0.982390	1.572406	0.827108	1.193176	1.236809	1.332965	4.071855	1.300033	0.000000	1.670811	1.529909	1.744883	1.298118	1.257822
162	-0.280967	-0.575934	1.529020	0.000000	-0.002299	1.147634	0.428084	-0.406206	0.083281	-1.401183	-1.098214	0.662066	2.510717	-0.146263	-0.047641	0.332770	0.403134	-0.390036	0.197234	-0.134270
163	2.123210	1.694091	3.024659	2.992774	1.641089	2.715782	2.675279	0.000000	2.963414	1.143967	1.326075	2.992224	3.087075	2.828187	2.932707	2.787715	2.554378	0.766686	1.806982	1.967532
164	1.045311	0.820462	1.988966	1.520085	0.843109	1.930376	0.912189	0.130851	0.352575	0.508471	0.503030	1.341349	3.158717	0.851950	0.000000	1.329835	1.040106	0.357087	0.726231	0.879671
165	-0.090338	0.104963	0.730086	0.499276	0.362526	0.813203	0.050007	0.136083	-0.510054	-0.085736	0.103975	0.033891	2.244542	0.000000	-1.046883	0.341708	0.473696	0.454655	0.342935	0.372548
166	0.442292	0.364066	1.228076	0.927777	-0.236281	1.346355	0.000000	0.124986	1.171826	-0.293586	0.056913	1.070964	2.688675	0.700235	0.997241	0.511418	0.731951	0.610258	-0.721148	-0.660733
167	0.115979	0.104072	1.132217	0.522168	0.064850	0.882792	-0.000559	0.044021	0.000000	-0.293897	-0.057027	0.472002	2.412742	0.116851	0.086425	0.710930	0.752170	0.532000	0.215895	0.260914
168	0.409625	0.158592	0.939475	0.554971	0.283041	1.135015	0.494890	0.302005	0.458346	0.000000	0.133451	0.667884	2.257279	0.406308	0.367786	0.720300	0.790526	0.621518	0.065911	0.276758
169	0.714608	0.790064	1.535053	1.381032	0.612665	1.279478	0.668977	0.765248	0.375680	0.508103	0.640882	0.768470	2.050566	0.823338	0.000000	0.965160	1.071475	1.079468	0.631437	0.625819
170	0.159449	0.166916	0.838207	0.400110	0.374830	0.794090	0.281895	-0.085367	0.000000	-0.243131	-0.113170	0.428573	1.411207	0.026075	0.137673	0.407424	0.420781	0.135486	0.388690	0.418404
171	0.295131	0.178176	0.696890	0.382829	0.483793	0.757073	0.480682	0.235596	0.422386	0.000000	0.151012	0.537018	1.215982	0.311133	0.443973	0.504711	0.589260	0.463127	0.488509	0.528223
172	0.076248	-0.297230	0.422573	0.317153	-0.094992	0.182993	0.027520	-0.142060	0.208950	-0.220030	-0.070354	0.000000	0.570913	0.146068	0.184348	0.107421	0.068282	-0.095799	-0.047787	-0.015600
173	0.401582	0.202173	0.532343	0.562272	0.392681	0.551719	0.474808	0.263478	0.440570	0.347971	0.394906	0.450576	0.000000	0.431523	0.442291	0.414901	0.376330	0.286145	0.456347	0.493716
174	0.187242	-0.057329	0.237267	0.233482	0.306189	0.324357	0.330764	0.033242	0.237465	0.134986	0.215415	0.223953	0.000000	0.194435	0.264041	0.179595	0.118321	0.057590	0.379689	0.416388
175	0.117920	-0.153157	0.000000	0.169114	0.243406	0.160068	0.307752	0.006491	0.341153	0.048776	0.151635	0.156409	0.056015	0.189618	0.398728	0.122947	0.130600	0.025298	0.308601	0.372939
176	-0.030721	-0.302118	-0.065180	0.000000	0.106030	-0.033034	0.131782	-0.058510	0.214104	-0.033894	0.012912	-0.025957	-0.139272	0.048799	0.228272	-0.014208	0.020809	-0.059034	0.151544	0.208135
177	0.095030	-0.144111	-0.020936	0.163845	0.164686	0.030970	0.145715	0.064546	0.249220	0.076843	0.138094	-0.013511	0.156877	0.176253	0.280845	0.000000	0.097860	0.085818	0.179740	0.239333
178	0.090877	-0.322572	0.147758	0.175110	0.159337	0.000000	0.161067	-0.023860	0.232348	-0.003265	0.112215	0.061163	0.089822	0.150297	0.263612	0.136329	0.216805	0.075310	0.159276	0.277928
179	0.061443	-0.292491	0.056463	0.104298	0.138669	0.088894	0.213120	-0.008678	0.230098	-0.004179	0.068031	0.053457	0.000000	0.118841	0.253402	0.042558	0.072784	0.039290	0.178960	0.242559
180	0.107941	-0.270213	0.159858	0.217428	0.165412	0.000000	0.143852	-0.089117	0.216398	-0.046379	0.092738	0.041382	-0.052419	0.181065	0.247464	0.106269	0.177010	0.054113	0.140141	0.271189
181	0.432667	0.000000	0.356192	0.488762	0.374465	0.345368	0.625988	0.311569	0.827721	0.311006	0.342823	0.491652	0.479308	0.636226	0.880607	0.380003	0.433555	0.282508	0.447298	0.594754
182	0.159834	-0.389203	0.071769	0.195866	0.156906	0.130002	0.163313	-0.023877	0.299182	-0.057550	0.000000	-0.003801	-0.159512	0.222748	0.284745	0.097293	0.143059	0.122392	0.090518	0.217174
183	0.063065	-0.321576	0.061838	0.165004	0.103392	0.000114	0.069629	0.034674	0.210778	0.023491	0.089671	0.001418	0.091615	0.165011	0.211009	0.000000	0.104412	0.071269	-0.012320	0.087692
184	0.563191	0.000000	0.594615	0.639467	0.269429	0.453027	0.629442	0.454152	0.939824	0.349983	0.359489	0.616793	0.964394	0.772758	0.905228	0.558306	0.610809	0.440250	0.304373	0.419798
185	0.044226	-0.214924	0.346157	0.288356	-0.024261	0.294013	0.114169	-0.390103	0.000000	-0.297906	-0.101771	0.135376	0.277365	0.147982	0.012791	0.067517	-0.027129	-0.209554	-0.108256	-0.040816
186	0.594520	0.000000	0.565761	0.654932	0.192207	0.425995	0.551189	0.226497	0.768921	0.149951	0.309857	0.551523	0.627600	0.759818	0.735919	0.601967	0.542000	0.349424	0.111815	0.329905
187	0.306773	-0.097688	0.404284	0.349790	0.297010	0.519682	0.377909	0.040152	0.413712	0.088749	0.177187	0.319662	0.629377	0.345479	0.410468	0.274982	0.223077	0.000000	0.227256	0.294694
188	0.733940	0.023760	1.112570	0.845719	0.630807	0.921895	0.910607	-0.030801	0.833192	0.000000	0.381487	0.883139	0.913171	0.856206	0.810024	0.817318	0.639985	0.088978	0.641206	0.657590
189	-0.124412	-0.460572	0.368811	-0.003220	-0.143484	-0.058396	0.046616	-0.314399	0.012036	-0.378453	-0.350289	0.118418	0.535597	-0.089394	-0.025482	0.000000	0.075435	-0.256278	-0.257819	-0.135785
