1,mutation,y_true
-0.57430553,0,-1.139491
-7.248768,1,-2.899005
-11.399719,2,-3.438807
-3.284677,3,-1.450839
-3.1405492,4,-3.737363
-5.1939545,5,-0.92174
-2.9624171,6,-2.469205
0.81131685,7,-0.348227
-4.7185163,8,-0.78928
-5.4662905,9,-0.559792
-6.6440873,10,-2.702926
-3.5977137,11,-3.053022
-6.4935527,12,-1.000545
-3.380994,13,-2.688177
-8.000012,14,-3.762837
-9.881687,15,-2.310598
-6.962821,16,-1.278674
-7.1291256,17,-3.688866
-6.4210443,18,0.951187
-2.0654998,19,-3.285846
-4.3801584,20,-2.802253
-0.2736473,21,-0.625929
-2.8773417,22,-3.26576
0.63769054,23,-0.919788
-2.0005069,24,-0.322897
-3.8332758,25,-1.14938
-4.0835257,26,0.631009
-3.4661508,27,-0.580333
-3.4262404,28,-3.547585
-1.5081253,29,-1.632443
-3.0938237,30,-2.102885
-4.4874263,31,-3.406205
-2.9994137,32,-2.411701
-7.8402762,33,-3.589337
0.9195628,34,-1.453483
-1.6098828,35,-1.689842
-3.7875462,36,-2.79068
-4.661475,37,-0.642555
-6.9059463,38,-2.77818
-1.5949368,39,0.761126
-8.93594,40,-0.623474
-3.5142205,41,-0.117242
-6.965399,42,-2.491622
-6.0904026,43,-2.466549
-1.9869235,44,-0.422658
-3.1034632,45,-0.431253
-3.4752524,46,-0.999529
-5.1087,47,-1.857298
-6.0385475,48,-2.034306
-4.6726556,49,-0.692904
-6.162609,50,-2.487333
-1.9716305,51,-0.623684
-2.991866,52,-0.4913
-7.3097773,53,-2.231857
-6.2706614,54,-2.298304
-5.211954,55,-2.876746
-4.5658474,56,-2.642594
-2.4722142,57,-2.215225
3.0704021,58,-0.422322
-5.5085573,59,-0.72841
-3.1216652,60,-1.077773
-3.9619918,61,-2.842151
-4.58627,62,-1.56898
-6.367579,63,0.449861
-8.758002,64,-2.844335
-4.6599655,65,-1.943475
-1.0351917,66,0.462405
-4.8339653,67,-1.527482
-7.9639482,68,-2.865294
-3.5660994,69,-2.087655
-1.606882,70,-2.290316
-3.9270086,71,-0.949533
-8.578702,72,-3.188262
-0.7072573,73,-1.252877
-4.5673313,74,-1.795595
0.48613834,75,0.12379
-3.7311628,76,-1.019519
-1.1122267,77,-0.401545
-5.614161,78,-1.978839
-8.698606,79,-2.757862
-6.6228323,80,-2.964093
-3.1552296,81,-1.614173
-3.616607,82,-0.855032
-7.809813,83,-3.226087
-3.723574,84,-1.70631
-3.1120257,85,-1.355487
-5.621131,86,-2.515467
-5.293051,87,-1.95908
-6.039563,88,-3.438482
-3.395399,89,-0.093861
-5.215257,90,-0.806478
-8.3958235,91,-3.42527
-4.2898645,92,-2.675731
-4.9766545,93,-1.515371
-3.5551515,94,-0.812132
0.5272081,95,-1.026697
-7.8906283,96,-3.383208
-5.470643,97,-0.761739
-3.898207,98,0.02472
-8.849356,99,-3.868775
-4.1928844,100,-1.786312
-3.1111555,101,-0.739074
1.1313782,102,-0.719438
-2.03023,103,-1.092148
-6.9104834,104,-2.818874
-3.0017672,105,-1.95599
-8.380127,106,-3.583122
-5.3235397,107,-3.427181
-4.650488,108,-0.556798
-2.4765315,109,-2.169055
-3.7108045,110,-2.290045
-6.0942264,111,-1.394531
-6.8870993,112,-2.200924
-4.151898,113,-1.432544
-4.9280133,114,-2.906283
-2.455161,115,-0.963851
-2.7180276,116,-1.852536
-5.2926865,117,-1.282967
-4.761914,118,-1.542766
-6.4340158,119,-3.599113
-4.4041853,120,-0.239544
-6.4584956,121,-3.532712
-2.56419,122,-1.882392
-5.605258,123,-2.976747
-7.0329456,124,-2.96929
-7.3883853,125,-3.06488
-1.7739065,126,-1.649553
-5.66409,127,-3.99851
-2.3948624,128,-1.410395
-5.440984,129,-2.211848
-2.803504,130,-2.340292
-4.554329,131,-3.410629
-3.9497297,132,-0.55217
-9.518791,133,-3.280957
-5.232032,134,-2.479398
-8.010701,135,-3.248014
-2.063272,136,0.106297
-2.9302068,137,0.471519
-2.6110373,138,-3.307999
-4.9957743,139,-1.812948
-10.75865,140,-3.256674
-3.0553455,141,-1.830077
-5.9821024,142,-3.719725
-6.461513,143,-2.60074
-4.5806847,144,-3.703692
-10.957055,145,-3.059241
-3.7936442,146,-1.39832
-2.0797055,147,-2.609185
-6.244566,148,-1.0132
-4.3379383,149,-2.517415
-5.6910195,150,-0.912756
-0.34022808,151,-0.090764
-4.4462886,152,-0.273691
-2.203333,153,-2.872789
-7.891987,154,-3.087884
-5.987213,155,-2.989682
-2.1678932,156,-0.290612
-4.8882394,157,-2.107282
-6.836516,158,-3.558701
-2.579686,159,-1.454473
-4.377181,160,-3.228971
-4.7710366,161,-3.623254
-0.16833258,162,1.60305
-5.968243,163,-3.558287
-4.1354256,164,-1.222273
-6.0290213,165,-3.628757
-0.6615801,166,-0.411526
-1.9883437,167,-2.015769
-3.6042643,168,-2.047526
-4.4333115,169,-1.768535
-4.5400743,170,-2.210602
-5.8678274,171,-2.231472
-1.820746,172,0.181321
-1.7747142,173,-3.292538
-3.7374105,174,-1.117836
-1.4545386,175,-0.432104
-3.5643654,176,-1.025038
0.49820662,177,0.222054
-5.2691727,178,-3.27008
-4.070629,179,-2.799579
-4.5197296,180,-1.330826
-0.517905,181,-0.87665
-3.503543,182,-2.31469
-5.8011518,183,-0.527509
-3.7442288,184,-3.235835
-3.4806828,185,-2.932605
-6.606079,186,0.082622
-4.4736166,187,-0.254136
-0.4595189,188,-1.711729
-2.3960638,189,-1.864962
-4.1631107,190,-0.200206
-1.1811087,191,-0.340011
-6.339632,192,-3.75801
-1.8752728,193,-1.972049
-1.0395627,194,-3.272964
-4.5369825,195,-2.909606
-9.313595,196,-3.387416
-3.5004623,197,-0.151748
-1.207686,198,-0.208069
-8.481238,199,-3.543978
0.84003925,200,-2.724846
-0.4171939,201,-0.497232
-1.7040918,202,-2.519458
-4.568121,203,-3.185901
-6.028413,204,-3.160354
-1.3320739,205,-2.793508
-3.5676718,206,-0.532403
-6.099365,207,-3.118024
-5.4858727,208,-1.936176
-2.50777,209,-2.015695
-8.53158,210,-3.362505
-6.0425396,211,-1.083223
-5.6305857,212,-3.958868
-3.2640038,213,-0.738583
-6.736821,214,-2.784716
0.069021225,215,-1.644675
-3.207972,216,-2.758117
-5.5062733,217,-3.228229
-7.401547,218,-2.052358
-2.2169628,219,-0.488585
-3.788294,220,-2.297639
-3.0787563,221,-0.22837
-2.92024,222,-2.796356
-8.234226,223,-2.843586
0.23249769,224,-2.428534
-3.8003953,225,-1.915091
-7.722102,226,-2.753249
-0.68105316,227,-0.460785
-4.244302,228,-0.795567
-2.1603713,229,-1.11072
-1.5525107,230,-0.082593
-5.377363,231,-3.447839
-3.0540543,232,-2.170057
-5.59786,233,-2.650459
-2.0704708,234,-1.353508
-7.1346064,235,-3.000783
-1.420151,236,-0.287234
-2.07436,237,-2.048317
-5.0162916,238,-2.191653
-4.0182247,239,-0.705661
-3.6436563,240,-1.030797
-4.257679,241,-3.299473
-7.453231,242,-3.237396
-2.2427645,243,-0.729647
-0.96302223,244,0.40602
-4.758218,245,-3.550159
-3.7966156,246,-1.947981
-4.060851,247,0.304391
-8.352483,248,-2.681305
-5.5153675,249,-0.619182
-4.214197,250,-2.871148
-9.940126,251,-2.935298
-8.333671,252,-3.591133
0.17350078,253,0.022883
-6.634012,254,-2.248001
0.46319604,255,0.621998
-5.250928,256,-0.613363
-4.2266917,257,-3.500945
1.3313155,258,-0.36355
-5.5584955,259,-1.024625
-4.8119016,260,-2.214367
-4.5452833,261,-2.90428
-1.6706839,262,0.022925
-2.551254,263,-0.84144
-3.794536,264,-0.741931
-0.4977827,265,-3.460328
-0.85448384,266,-0.577585
-5.3351765,267,-3.622993
-5.796856,268,-3.379975
-4.2279077,269,-2.066671
-3.1356857,270,-0.00214
-0.47732997,271,-0.70246
-7.1147428,272,-2.962229
-5.85471,273,-0.844814
-4.9080396,274,-3.355976
-5.1252313,275,-2.931593
-2.8622663,276,-1.930391
-7.344224,277,-3.183457
-3.8247192,278,-3.044115
-0.71756744,279,-2.931452
-3.8005722,280,-2.435909
-7.9937086,281,-3.896677
-3.7963016,282,-2.672515
-9.640139,283,-3.885609
-3.2852473,284,-1.709272
-3.4993794,285,-2.605629
-1.2198582,286,-1.790503
-0.65566504,287,-1.224582
-4.504231,288,-3.403417
-4.7106757,289,-3.184277
-2.9200354,290,-3.40529
-1.1007627,291,-0.479801
-6.6571107,292,-3.451657
-2.2720752,293,-0.436462
-7.4741197,294,-2.702541
-2.8971314,295,-0.231217
-6.009855,296,-3.623693
-7.535782,297,-3.535688
-6.0441837,298,-2.099662
-0.8612728,299,-0.897962
-2.3568783,300,-0.94399
-1.7324812,301,-0.846753
-2.412221,302,-1.917902
-7.480003,303,-3.154467
-0.95096624,304,-0.382298
-3.1737726,305,-1.091666
-1.4774011,306,-3.388192
-2.768618,307,-2.46213
-2.2349434,308,-3.494783
-6.319558,309,-2.616149
-4.9222775,310,-3.798815
-2.108118,311,0.160357
-6.288885,312,-3.372565
-2.8509455,313,-1.058118
-4.1544538,314,0.075008
0.78555036,315,-1.001934
2.8710556,316,-1.076442
-1.3981729,317,-1.139691
0.79846835,318,0.214582
-2.2806127,319,-1.115982
-2.3086348,320,-3.555587
-2.3523006,321,-0.496644
-3.9142551,322,-1.330342
-10.89308,323,-2.86191
-9.235073,324,-3.907701
-3.489328,325,-3.416965
-3.4963505,326,-2.351252
-7.8405185,327,-3.118545
-3.3716412,328,-0.451241
-6.3154044,329,-3.416336
-5.6366024,330,-3.05484
-3.311936,331,-0.295425
-5.352148,332,-2.635398
-5.2742248,333,-2.681288
-4.485469,334,-3.686709
-10.590816,335,-3.029892
-5.0389776,336,-2.320006
-5.4924912,337,-1.83509
-4.4935265,338,0.272394
-3.9581664,339,-2.801583
-10.429775,340,-3.186723
-6.186514,341,-3.811411
-3.809552,342,-3.084564
-1.440557,343,-2.215088
-2.0599344,344,-1.942857
-2.9721014,345,-0.41977
-0.24239159,346,-1.191811
-3.3554652,347,-2.068308
0.73624706,348,-1.736386
-2.6091127,349,0.368509
-5.4777894,350,-4.117832
-7.615079,351,-2.529312
-6.070826,352,-2.130811
-4.075794,353,-1.246548
-2.9820294,354,-1.520507
-3.1354733,355,-1.342183
-0.6815083,356,-2.165722
-5.870057,357,-1.679228
-3.0905485,358,-1.383451
-3.2709308,359,-3.266562
-2.568167,360,-3.7
1.7717409,361,-0.720096
-3.339368,362,-3.513574
-5.8372574,363,-3.335634
-3.3163233,364,-3.030425
-5.236115,365,-2.88916
-9.985895,366,-2.883501
0.65334344,367,-0.07707
-8.334075,368,-2.453749
-0.32631636,369,-0.130027
-3.7382622,370,-2.825505
-1.4552841,371,-0.770795
-1.6826855,372,-1.54545
-7.293334,373,-0.60796
-4.277158,374,-0.176095
-5.0033207,375,-2.116259
-7.23483,376,-2.283271
-0.08323002,377,-1.416233
-4.250472,378,-1.38866
-2.3905904,379,-0.375296
-2.0785985,380,-1.192469
-4.570531,381,-1.44002
-2.3713222,382,-1.742364
-5.2204447,383,-3.054441
-6.1692023,384,-3.278767
-0.74074745,385,-0.667661
-3.8182385,386,-2.308519
0.0025792122,387,-3.008138
-4.5954084,388,-0.784898
-4.936824,389,-1.704541
-4.7436132,390,-1.199092
-2.1713433,391,-0.555507
-8.501491,392,-4.10421
-1.8927395,393,-1.357268
-4.151931,394,-1.938231
-2.5703406,395,-2.719429
-4.3610034,396,-0.453245
-2.6091504,397,-2.03974
-1.0833449,398,-0.025899
-4.6176004,399,-0.421657
-4.284567,400,-2.992215
-1.3135515,401,-2.193658
-7.370048,402,-2.713062
-4.8536167,403,-3.743218
-7.7052417,404,-3.30247
-0.5517309,405,-0.050712
0.85137343,406,-1.274159
-1.6019874,407,-2.750204
-9.147823,408,-3.28931
-2.2811584,409,-2.999758
-3.7692304,410,-1.432327
-1.9095731,411,-1.748972
-3.1691952,412,-3.220048
-2.5971663,413,0.038516
-2.3371677,414,0.092612
-5.3871384,415,-1.288263
-6.8449287,416,-3.744395
-5.7244043,417,-3.33279
-0.43942833,418,-0.215981
1.4306738,419,-1.315959
-3.0636528,420,-2.996318
-7.3469496,421,-1.859338
-5.1702375,422,-3.239262
-9.773947,423,-3.709341
-7.9689255,424,-2.365403
-1.5210783,425,0.081746
-2.6932487,426,0.149626
-5.5555935,427,-1.079868
-3.3357418,428,-0.648264
-4.616911,429,-1.263242
-1.55775,430,-2.113159
-3.5473557,431,-1.675455
-5.6302557,432,-2.954155
-4.5907927,433,-2.717999
3.5375497,434,-0.286757
-5.6401825,435,-0.457401
-0.72431946,436,-2.051728
-3.0245895,437,-0.392363
-4.914489,438,-0.151974
-8.698443,439,-4.259631
-7.615953,440,-2.904406
-10.310595,441,-2.6844
-3.3096435,442,-1.58775
-2.9111285,443,-0.317702
-6.509003,444,-2.073733
-3.2859344,445,-3.302133
-3.8729305,446,-0.389034
-2.3048496,447,-1.628002
-1.1316853,448,0.439217
-5.1592155,449,-1.86693
-2.0514417,450,-1.547765
-6.68888,451,-3.240958
-4.8352194,452,-0.747697
-6.871833,453,-3.278613
-5.693253,454,-3.459757
-5.799178,455,-2.725655
0.79007024,456,-0.190521
-2.9346452,457,-0.153381
-3.5897717,458,-1.507696
0.15999103,459,0.057272
-6.2166376,460,-0.895942
-1.0213304,461,-1.220728
-6.3253527,462,-2.468968
-7.542274,463,-3.082605
-6.9465737,464,-2.987572
-1.5290923,465,-0.432059
-3.330883,466,-1.604528
-3.2505174,467,-2.051165
-6.7982593,468,-2.558882
-7.32092,469,0.707247
-0.2531681,470,0.112673
-7.779574,471,-2.59876
-8.727265,472,-2.976246
-3.2414632,473,-1.35953
-7.03436,474,-3.650427
-1.3981204,475,-0.664867
-2.965487,476,-1.39149
-4.48337,477,-3.194163
-2.3405762,478,-1.824736
-4.12606,479,-0.257757
-6.623012,480,-1.823782
-8.836482,481,-2.751916
-3.4712029,482,-1.788772
-6.205351,483,-1.218664
-3.723364,484,-1.863659
-5.280294,485,-2.828716
1.5411795,486,-0.345677
-5.718013,487,-3.173401
-3.0716438,488,-3.010098
-4.059821,489,-2.639435
-3.4048038,490,-0.178966
-2.244906,491,-1.429578
-1.950296,492,-3.522412
-3.7171233,493,-2.264764
-4.274629,494,0.265036
-8.201507,495,-3.493104
-2.983019,496,-2.726489
-3.6690927,497,-3.76537
-4.6018305,498,-1.674288
-5.6075945,499,-1.621364
-4.4349766,500,-1.687113
-4.1368456,501,-1.659358
-4.3566484,502,-2.81069
0.7269644,503,-1.025644
-8.102045,504,-2.422921
-7.034707,505,0.247446
-5.423051,506,-3.805887
-3.8942237,507,-2.269088
-9.929451,508,-3.412518
-1.7947402,509,-0.556747
-4.9759727,510,-3.952161
-3.8115542,511,-2.822129
-4.521385,512,-0.098412
-3.701446,513,-2.360794
-3.8539422,514,-1.448013
-8.67485,515,-3.285736
-5.5588927,516,-1.869958
-7.5970173,517,-1.015802
-3.0326767,518,-1.154002
-5.7404656,519,-3.311181
-1.4120703,520,-1.361374
-6.41002,521,-3.243367
-6.855768,522,-2.364281
-0.99886036,523,0.116967
-3.7783701,524,-2.575548
-4.8782444,525,-3.295015
-6.3525167,526,-2.589728
-4.1493425,527,-0.230516
-4.9912205,528,-2.741976
-3.579484,529,-1.397204
-2.342232,530,-0.062488
-7.99107,531,-1.206763
-7.8147264,532,-2.669361
-7.7053313,533,-0.367775
-5.211395,534,-2.675775
-4.3777156,535,-3.937985
-3.096151,536,-0.854057
-3.2028487,537,-1.932181
1.2430339,538,-0.241862
-8.6635685,539,-3.075223
-4.3463383,540,-2.726206
-7.046181,541,-0.700818
1.0059767,542,-0.016635
0.04886937,543,-1.761813
-2.2260628,544,-0.223768
-7.6335354,545,-3.801811
-5.896721,546,-3.278726
-6.0028906,547,-2.947522
-2.0908718,548,-1.435304
-6.6664658,549,-1.898912
-1.4900944,550,-0.895219
-0.3772192,551,1.208411
-3.7798235,552,-3.185712
-0.60573244,553,-3.841928
-2.5739279,554,-1.264637
-9.272662,555,-3.107496
-4.5352077,556,-4.105433
-2.5154433,557,-0.774305
-2.4382205,558,-2.526052
-0.07392645,559,-0.290137
-9.403349,560,-3.156231
-6.217724,561,-2.938812
-4.5987396,562,-1.976609
-1.9592338,563,-1.292183
-5.6208596,564,-3.547009
-3.6320884,565,0.184005
-3.624064,566,-1.108052
-3.8864808,567,0.040733
0.55392957,568,-0.28248
-9.154369,569,-3.138199
-5.7064023,570,0.546922
-8.080747,571,-0.192808
-4.389619,572,-2.235131
3.0883906,573,-1.250988
-7.19306,574,-1.472886
-2.9659557,575,-3.867457
-4.260877,576,-3.011285
1.3816819,577,-1.743906
-7.602484,578,-3.683537
-4.0206256,579,-2.296673
-6.91586,580,-3.89407
-10.475857,581,-3.138902
-4.2932267,582,-1.201437
-2.4768414,583,-1.217728
-6.7532563,584,-3.321079
-6.9012885,585,-2.364008
-2.5764804,586,-1.228489
-6.340458,587,-2.195509
-6.4060826,588,-1.105009
-7.552286,589,-2.937684
-3.6410964,590,-3.6837
-0.2634418,591,-2.680611
-3.3606534,592,-1.046031
-3.7671275,593,-3.396566
-7.301952,594,-4.066298
-1.3167777,595,-0.855203
-3.7063417,596,-2.926074
-0.8990078,597,-0.891955
-4.4780645,598,-1.303992
-2.922994,599,1.021342
1.5006471,600,-0.561991
-3.1835103,601,-2.151855
-5.6613045,602,-3.184159
-3.1844776,603,-1.442824
-5.6405625,604,-2.505144
-1.8564258,605,-1.453688
-8.070275,606,-3.429153
-6.5676117,607,-1.657208
-4.089446,608,0.464358
-5.6410785,609,-1.78606
-8.064695,610,-4.07068
-7.2135005,611,-3.108188
-2.0786436,612,-0.754563
-3.1083264,613,-1.34516
-7.7848096,614,-3.346777
-0.47521722,615,-2.474363
-3.663422,616,-0.5636
-5.364766,617,-2.486078
-3.960008,618,-3.025078
-2.813812,619,-1.558305
-3.3709164,620,-2.377442
-0.7857883,621,-1.866259
-1.8118441,622,-1.449392
-1.94526,623,-0.079012
-5.7560186,624,-3.381209
-5.4173765,625,-2.952531
-3.9559894,626,-3.911484
-5.4007554,627,-2.860686
-3.445387,628,0.56222
-0.36764765,629,-0.324338
-2.1759424,630,0.466591
-8.316968,631,-2.43302
-5.380289,632,-3.881014
-6.195493,633,-1.999823
-6.029713,634,-4.265065
-8.901566,635,-2.413356
-3.5633337,636,-1.862099
-2.6483793,637,-0.784264
-2.3953662,638,-2.284673
-4.624882,639,-2.872332
-0.98949766,640,-0.55588
-3.5448275,641,-2.386357
-2.5454493,642,0.107564
-5.8576355,643,-3.628992
-4.1247835,644,-4.007547
-7.7068954,645,-2.928566
-6.94282,646,-3.015224
-8.086374,647,-2.456395
-8.268525,648,-3.325741
-6.4473524,649,-2.666586
-8.033266,650,-2.734659
-3.9153526,651,-3.376922
-2.0407934,652,-1.534301
-4.9354534,653,-1.588042
-0.9259403,654,-1.280124
-4.778101,655,-2.363071
-8.197809,656,-3.682902
-6.1035786,657,-0.500464
-4.8395004,658,-1.380029
-3.1044447,659,-1.327043
-4.2734785,660,-3.752198
-4.3351545,661,-2.145451
-8.192602,662,-3.50457
-2.2531364,663,-1.136118
-3.8594217,664,-3.73355
-3.1966186,665,-3.194073
-5.630518,666,-1.943214
-7.5147877,667,-3.855886
-3.937143,668,-3.816442
-2.1765327,669,-1.971687
-5.3730817,670,-1.395551
-2.8765354,671,-2.466204
-1.5883702,672,-4.012773
-8.463947,673,-3.002797
-4.997799,674,-2.340395
-4.36964,675,-1.790723
-7.8992534,676,-2.797976
-4.7493258,677,-1.036546
-3.6523428,678,-0.963649
-4.6118326,679,-0.644816
-1.4653393,680,-2.744851
-5.3555956,681,-1.845732
-1.8640456,682,-1.652575
-3.4617474,683,-2.880859
-6.9236293,684,-2.095416
-5.604745,685,-1.826115
1.7368898,686,0.36781
-1.6398957,687,-0.622606
-5.9797053,688,-3.115634
-4.380263,689,-1.413663
-5.4260187,690,-3.22607
-5.6883717,691,-1.928582
2.4240499,692,-0.921552
-5.838291,693,-2.896951
-0.49268007,694,-1.740044
-0.13758183,695,-0.942137
-8.064483,696,-2.854735
-7.850052,697,-3.570836
-5.7943244,698,-1.841597
-3.4310381,699,-1.051364
-2.5029583,700,-2.174121
-5.088646,701,-2.082782
-6.3140693,702,-0.94265
-0.77337456,703,0.022464
-7.781825,704,-1.607694
-8.143598,705,-3.792506
-1.7469842,706,-0.33988
-10.15199,707,-2.738095
-1.5497329,708,0.064851
-4.9615602,709,-2.053767
-5.5813923,710,-4.210225
-5.9999995,711,-3.332122
-4.67529,712,-2.629126
-7.280217,713,-3.183238
-7.8966436,714,-2.369998
-0.19822288,715,-1.304631
-5.659802,716,0.856076
-5.5348186,717,-3.044221
-8.933663,718,-3.584943
-4.1600766,719,0.105099
-7.089271,720,-4.376271
-4.2258487,721,-2.031365
-7.9402633,722,-3.675742
-2.5216413,723,-0.904735
-5.2223053,724,-2.8053
-4.5274124,725,-1.992125
-3.7168455,726,-4.044769
-5.0534744,727,-2.36495
-4.5577874,728,-1.806688
-1.4782486,729,-0.642398
-0.21753931,730,-0.395453
-4.9079065,731,-2.86653
-3.4023094,732,-0.592685
-8.3812065,733,-2.491447
-2.4726121,734,0.306288
0.39688766,735,-1.152328
-3.364666,736,-0.344434
-9.439314,737,-2.722146
-4.1181464,738,-0.377228
-5.8058968,739,-2.779328
-2.21518,740,-0.237806
-3.5129929,741,-1.11501
-1.752554,742,-2.042743
-3.9222205,743,-2.464216
-1.4700221,744,-1.412188
-6.8730545,745,-3.788048
-1.6781554,746,-2.945464
-4.2627325,747,-2.920912
-0.09481907,748,0.671004
-8.986304,749,-2.72205
-6.132292,750,-1.103043
-7.2057247,751,-2.345973
-3.5704656,752,-1.245815
-8.929289,753,-3.455605
-7.5533977,754,-0.860378
-9.427087,755,-3.731385
-4.239487,756,-2.832439
-0.7931119,757,-4.204992
-0.49594545,758,-0.446217
-2.8981087,759,-0.627337
-5.7300634,760,-1.703614
-1.7625666,761,-0.901448
-0.52845144,762,-0.810194
-9.892751,763,-2.976697
-3.5594268,764,-0.513166
-8.214646,765,-2.540996
-6.7852173,766,-3.306585
-3.3927734,767,-3.121301
-4.2016716,768,-2.872364
-8.040995,769,-4.274513
-7.216917,770,-2.653965
-3.4713423,771,-0.292218
-7.116321,772,-2.732408
-2.1707606,773,-3.506283
-1.5645597,774,0.307631
-2.26786,775,-0.050532
-3.7923002,776,-2.865039
-5.7701283,777,-2.76024
-2.3745909,778,-1.15623
-8.203636,779,-3.456942
-3.5696194,780,-2.71535
-4.773087,781,-1.560537
0.7957053,782,-0.442058
-10.52049,783,-3.974957
-1.0587268,784,-1.937333
-8.837357,785,-3.283963
-6.838833,786,-4.162266
-1.9048457,787,-2.260763
-3.8617768,788,-1.620099
-3.5623288,789,-2.029197
-4.415865,790,-1.12556
-7.190398,791,-1.19929
-4.464142,792,-2.977549
-4.422835,793,-2.422353
-2.4976661,794,-1.525111
-5.6567345,795,-3.252253
-0.93137264,796,-0.817845
-3.138126,797,-1.264975
-1.8483841,798,-0.986884
-3.254328,799,-1.79502
-0.14273357,800,0.558312
-5.732091,801,-3.376757
-5.1028147,802,-2.988248
-6.780749,803,-3.2348
-4.7477956,804,-2.714268
-5.175828,805,-1.75633
-3.9334688,806,-0.676469
-9.884027,807,-2.567135
-3.1111517,808,-0.657022
-1.6055554,809,-0.864986
-1.6553818,810,-0.595688
-3.985472,811,-1.596512
-4.8279567,812,-2.603451
-6.598865,813,-2.918172
-3.2704544,814,-0.623063
-4.2993226,815,-4.099711
-3.7654016,816,-2.556528
-5.949204,817,-2.291931
-3.1290064,818,0.538426
-5.888585,819,-2.248278
-3.776342,820,-2.511083
-4.7939415,821,-2.520248
-1.1685014,822,-1.801757
-6.9874387,823,-2.669236
-6.167965,824,0.015453
2.4109383,825,0.688846
-8.364721,826,-2.457877
-7.645288,827,-3.134631
-0.55053544,828,-1.819008
-3.5014195,829,0.39768
-5.5261292,830,-2.43335
-4.833861,831,-3.018895
-2.0071042,832,-2.07141
1.4723201,833,-0.524131
-2.1623683,834,-0.636016
-2.8951719,835,-2.898732
-7.380392,836,-3.043407
-5.9618664,837,-3.432507
-7.6115117,838,-3.34304
-1.5326241,839,-2.824211
0.36982584,840,-0.465043
-6.531126,841,-1.727797
-6.1604466,842,-4.035407
-0.19295454,843,0.237334
-5.1103735,844,-0.559659
-9.596958,845,-3.173635
-7.1892004,846,-3.054183
-2.9367275,847,-3.998211
-5.4973764,848,-0.813557
-7.1005673,849,-3.576171
-7.0308294,850,-0.556045
-2.1722817,851,-2.677178
-5.850848,852,-1.932639
-10.1080265,853,-2.947227
-6.137025,854,-2.53805
-3.1094003,855,-1.726328
-3.797796,856,-2.914445
-5.217763,857,-3.156573
-5.573564,858,-1.570317
-9.690266,859,-3.172595
-6.7037373,860,-3.175067
-3.2606921,861,-1.785998
-9.463651,862,-3.391596
-3.66441,863,-3.541621
-7.7423816,864,-3.90515
-5.469906,865,-2.060296
-2.2863743,866,-1.555064
-4.0021825,867,-1.749429
-3.8527718,868,-0.092161
-5.134279,869,-3.052384
-2.0286224,870,0.103064
-7.0019865,871,-2.032232
-5.557582,872,-3.059057
-1.99807,873,0.371334
-0.2630689,874,-0.266978
-4.8540864,875,-2.536485
-0.5538533,876,-0.415236
-1.2734177,877,0.173165
-5.2343507,878,-2.729913
-1.0495808,879,-0.242074
-3.3266904,880,-0.564749
-0.3730197,881,0.628432
-4.285413,882,-1.306155
-6.1601977,883,-1.770547
-0.2949977,884,0.455103
-2.9049017,885,-0.387782
-10.941684,886,-2.115847
-6.0691357,887,-3.252914
-2.2004795,888,-2.151537
-6.1410646,889,-2.990097
-5.3885145,890,-2.754898
-11.384966,891,-2.884313
-4.57788,892,-1.592596
-5.076704,893,-1.426909
-5.219944,894,-1.226071
-4.519587,895,-2.451504
-3.4803672,896,-2.986824
-10.370568,897,-4.051252
-6.0811853,898,-3.027385
-0.24645281,899,-1.313234
-1.726295,900,-0.860514
-0.5018563,901,0.443791
-5.923455,902,-2.23384
-6.7876124,903,-2.752042
-8.330949,904,-3.275792
-3.1960533,905,-3.331744
-2.4637947,906,-2.831038
-7.428189,907,-3.66575
1.5629268,908,-1.002228
-5.106844,909,-3.373996
-3.8215601,910,-0.713544
-8.470339,911,-2.833701
-4.630899,912,-1.750618
-4.0485744,913,-3.728823
-3.849094,914,-2.5155
-5.194734,915,-2.368035
-8.273973,916,-2.583233
-1.2530484,917,-1.261616
-8.326561,918,-3.588274
-3.610018,919,1.211191
-3.4701836,920,-0.869449
-2.8053832,921,-2.56419
0.07855272,922,-1.846044
-2.7727408,923,0.811232
0.34108567,924,-0.459864
-2.4140549,925,0.181516
-4.839525,926,-2.020625
-5.207485,927,-1.112358
-0.05431652,928,1.38482
-1.5600302,929,-0.392868
-2.7024956,930,-0.595683
-4.464101,931,0.563008
-3.8802385,932,-1.366003
-6.993609,933,-1.180356
-7.497792,934,-3.331246
-6.2247896,935,-4.002019
-6.8278146,936,-4.419631
-8.699775,937,-2.182161
-10.132343,938,-3.590768
-1.651582,939,-3.604283
-3.0362267,940,-3.670728
-6.7461486,941,-3.280122
-4.0092225,942,-2.619021
-1.8452578,943,-1.435752
-5.789113,944,-3.071635
-5.921134,945,-3.66105
-0.714446,946,-2.759985
-6.307349,947,-0.888339
-1.7873766,948,-2.236595
-1.852565,949,-0.12102
-4.2010164,950,-1.808189
-1.5084634,951,0.659347
-4.233502,952,-3.69721
-2.9132957,953,-1.184874
-5.44023,954,-2.91719
-1.7972463,955,-1.866988
-8.936822,956,-3.824933
-8.126495,957,-3.374097
-3.1515617,958,-1.362291
-6.979893,959,-1.340385
-6.4151664,960,-1.803679
-4.520691,961,-2.035079
-3.0794725,962,-1.70954
-3.0015934,963,-1.385637
-2.8382525,964,-0.066388
-9.020803,965,-1.564254
-5.493944,966,-3.604168
-8.476948,967,-4.014676
-7.5256734,968,-3.848924
-0.58621,969,-0.720273
-2.5805798,970,1.05437
-2.0515265,971,-1.839831
-2.995193,972,-2.424439
-4.733346,973,-2.921414
-3.476932,974,-0.377297
-2.9895947,975,-1.118427
-3.4239895,976,-3.083868
0.18448853,977,-0.928475
-2.371403,978,-0.610035
-6.375662,979,-2.031491
-6.614356,980,-3.205009
-5.6913424,981,-3.775503
-0.03150797,982,-0.690881
-9.510039,983,-3.487544
-0.54873276,984,-0.210538
-1.3281411,985,-2.238624
-1.6782253,986,-2.878802
-7.8654375,987,-0.864289
-2.5782356,988,-2.590297
-9.830664,989,-3.390867
-8.799367,990,-4.287026
-4.344466,991,-3.984906
-1.763102,992,-0.514435
-1.8500692,993,-1.06977
-3.5075223,994,-2.846309
-4.693906,995,-2.8089
-6.5851116,996,-1.779484
-1.4425215,997,-1.441561
-8.849964,998,-3.886641
-2.5285532,999,-0.308453
-4.962023,1000,-2.584932
0.7378975,1001,-1.03712
-4.7150135,1002,-0.200501
-3.6790648,1003,-0.548063
-5.0557437,1004,-2.379786
-3.12844,1005,-1.64419
-2.9669547,1006,-0.987131
-3.598155,1007,-2.594742
-3.2053661,1008,-2.225458
-6.328561,1009,-4.471362
-6.6993957,1010,-3.75102
-7.3604617,1011,-3.001166
-4.868776,1012,-1.485446
-7.999902,1013,-3.363661
-7.8392243,1014,-1.068264
-3.8725739,1015,-2.844914
-5.5687895,1016,-3.304315
-6.5956955,1017,-1.734556
-5.1253915,1018,-3.373182
-8.057269,1019,-3.885228
-3.9747605,1020,-3.700371
-0.79461694,1021,-1.032848
-0.26761746,1022,-0.730629
-5.3683715,1023,-2.969939
-3.0901423,1024,0.069673
-4.7291536,1025,-0.700004
-1.8449178,1026,-1.268894
-6.3300138,1027,-1.93783
-2.9493601,1028,-2.618677
-7.8389397,1029,-3.533824
-4.5954614,1030,-2.481781
-5.5228777,1031,-0.525209
3.2979352,1032,-1.26323
-2.1614447,1033,-0.946235
-6.2759,1034,-3.149779
-3.6110027,1035,-0.809138
-4.2069683,1036,-2.198614
-6.5157957,1037,-3.443021
-1.7542626,1038,0.000964
-5.894834,1039,-2.624576
-3.1328218,1040,-2.298089
-3.6837363,1041,-0.492649
-3.2982628,1042,-1.80754
-5.54585,1043,-0.989284
-7.0346704,1044,-0.572429
-5.085739,1045,-1.787999
-4.5076933,1046,-2.667238
-2.4738445,1047,-1.410663
-3.815732,1048,-2.086567
-7.3814964,1049,-1.156847
0.36385584,1050,-3.535681
-8.063978,1051,-3.748879
-7.092915,1052,-2.830168
-3.0173879,1053,0.383437
-6.348626,1054,-1.100942
-0.5460696,1055,-1.160321
-6.748367,1056,-3.694534
-3.4649096,1057,-0.34441
-5.825436,1058,-3.734673
-5.1281424,1059,-2.294314
-3.9273665,1060,-0.375103
-8.2693405,1061,-4.033082
-6.216106,1062,-3.522833
-4.791162,1063,-0.417291
-3.9631352,1064,-2.800414
-7.280536,1065,-3.711721
-3.6621242,1066,-0.318769
-2.133638,1067,-2.281852
-4.0168257,1068,-2.962063
-7.1311245,1069,-3.180785
-5.998923,1070,-0.535869
-6.610608,1071,-2.965193
-9.194983,1072,-2.715357
-6.14222,1073,-2.951653
-4.7939286,1074,-2.626843
-4.14338,1075,-2.390861
-6.7044215,1076,-3.994308
-0.7658973,1077,-0.318824
-6.4241476,1078,-2.713156
-2.252335,1079,-2.264401
1.3765205,1080,-0.5992
-5.521097,1081,-3.653047
-6.371083,1082,-3.605163
-3.267317,1083,-2.86572
-8.448528,1084,-3.590114
-6.175835,1085,-2.941678
-0.18584347,1086,-1.963993
-4.6450768,1087,-1.700081
-4.0115924,1088,-2.191151
-5.0788994,1089,-3.727685
-2.860021,1090,-1.246641
-6.695497,1091,-3.310647
-7.3244166,1092,-3.619634
-4.098033,1093,-1.355045
-3.1481757,1094,-0.916413
-5.38174,1095,-3.381357
-2.5151958,1096,0.417572
-7.3214054,1097,-2.33367
-7.0798492,1098,-2.723933
-1.5422659,1099,-1.48194
-1.8059888,1100,-1.8732
-9.095418,1101,-2.66
-4.615038,1102,-3.146012
-5.953991,1103,-3.608736
-5.075894,1104,-0.674521
-5.180769,1105,-2.690129
-2.0367513,1106,-1.239433
-2.0300696,1107,-0.793148
-11.675514,1108,-2.830082
-1.0144587,1109,-0.88729
4.821164,1110,-0.238161
-0.22498035,1111,-2.613243
-6.0227633,1112,-2.835473
-5.350268,1113,-2.734108
-4.615266,1114,-2.073312
-4.084571,1115,-2.579935
-7.2418494,1116,-2.962305
-2.4682868,1117,-1.971477
-7.5025425,1118,-2.042697
-2.6014242,1119,-0.137962
-6.2894487,1120,-2.45003
-3.7866826,1121,-3.309926
-2.7201161,1122,-2.9504
-3.8909523,1123,-1.76275
-6.3272533,1124,-3.081728
-5.670643,1125,-2.764422
-4.227608,1126,-1.022392
-4.7814064,1127,-3.020467
-3.9947536,1128,-2.5295
-2.8029118,1129,-0.654665
-2.5141602,1130,-1.402376
-1.9991071,1131,-2.586192
-0.097334385,1132,-1.235085
-3.527988,1133,-1.624198
-3.5285225,1134,-1.362761
-6.22448,1135,-2.873148
-4.214392,1136,-3.392058
-7.6801987,1137,-1.68071
-7.8214135,1138,-3.623257
-3.2970114,1139,-1.936513
-5.0303583,1140,-3.032835
-3.1372075,1141,-2.937479
-7.200371,1142,-2.749588
-1.1707652,1143,-3.286936
-6.147174,1144,-2.585031
-7.5706406,1145,-3.067496
1.548199,1146,-1.894235
-4.449032,1147,-2.171685
-5.588117,1148,-2.335991
-1.650324,1149,-1.873223
-7.3942103,1150,-2.288713
-2.946015,1151,-1.113988
-3.2797978,1152,-2.541817
-3.3723125,1153,-3.391843
-6.150378,1154,-3.186632
-4.825767,1155,-2.301024
-1.1789236,1156,0.015314
-0.67191887,1157,0.083398
-3.3179803,1158,-1.135726
-3.6491656,1159,-0.853081
-1.5361323,1160,-0.106791
-6.3307858,1161,-2.664896
-5.663885,1162,-2.564759
-5.5814,1163,-3.362542
-3.09823,1164,-1.123607
-5.8018823,1165,-2.975131
-2.574942,1166,-1.558515
-4.799701,1167,-0.621116
-3.3544033,1168,-0.684859
-0.2054987,1169,-0.631973
-7.0554323,1170,-2.283296
-1.9561629,1171,-2.789116
-2.7386355,1172,-3.31739
-4.7125025,1173,-1.120335
-5.7580376,1174,-4.561776
-5.2092485,1175,-3.63127
-3.4043536,1176,-1.090139
-5.8701386,1177,-2.743105
-6.245837,1178,-3.965177
-2.9796941,1179,0.336748
-3.7224326,1180,-1.081557
-9.479561,1181,-3.613291
-6.257836,1182,-2.793948
-2.7913296,1183,1.101813
-10.144324,1184,-2.973722
-7.3697577,1185,-3.366017
-3.0950196,1186,-2.120108
-9.121777,1187,-3.699333
-5.7249546,1188,-3.356767
-9.521362,1189,-2.636444
-1.116745,1190,-1.380339
-7.109334,1191,-3.840057
-0.4909649,1192,0.6764
-2.2455344,1193,-1.17438
-2.6682467,1194,-2.391534
-6.021293,1195,-2.03128
-8.993039,1196,-4.456353
-1.4450145,1197,-1.275413
-1.2995772,1198,-4.12371
0.30895472,1199,-0.73373
-3.522549,1200,-1.65088
-2.1211643,1201,-1.098237
-6.4530087,1202,-2.560352
-12.293738,1203,-3.238106
-1.2966812,1204,-2.735202
-2.0514731,1205,-0.933675
-8.940711,1206,-3.050204
-6.8649297,1207,-1.882892
-0.21823835,1208,-1.918418
-3.8886025,1209,-1.445422
-4.6813707,1210,-3.335052
-9.716873,1211,-3.733936
-2.68864,1212,-1.738644
-0.91488075,1213,-2.068546
-4.9098377,1214,0.764657
-1.6629411,1215,-1.101831
-0.94118047,1216,-0.000405
-5.195435,1217,-1.155721
-2.3639863,1218,-2.906921
-4.79311,1219,0.141103
-1.6221595,1220,-0.713201
-1.7183995,1221,-0.658101
-2.1832395,1222,-1.338524
-5.753225,1223,-0.288431
-6.4529486,1224,-2.955972
-5.2481575,1225,-3.203042
-10.945726,1226,-2.542119
-8.89093,1227,-2.281897
1.9244132,1228,-0.582034
-3.7403226,1229,-0.396822
-2.185084,1230,-2.718811
-6.1770835,1231,-2.880193
-3.5877352,1232,-0.483104
-4.8920646,1233,-3.324496
-1.9213175,1234,0.628516
-7.781952,1235,-2.777098
-2.0410256,1236,-1.0393
1.3266325,1237,0.302438
-9.496994,1238,-3.634412
-9.128,1239,-3.481424
-3.5359511,1240,-2.191941
-3.5823777,1241,-0.860065
-1.616691,1242,-0.222056
-4.394533,1243,-3.512089
-4.910257,1244,-3.164442
-8.543553,1245,-3.609969
-4.4020557,1246,-2.004585
-6.4962363,1247,-2.800505
-4.698008,1248,-1.222583
-7.931363,1249,-1.375848
-5.715352,1250,-1.673106
-10.223307,1251,-3.857685
-5.4768496,1252,-3.490053
-2.472309,1253,0.112168
-4.7382917,1254,-1.376267
-4.5423474,1255,-4.01127
-4.6709533,1256,-1.409569
-4.5806975,1257,-0.982403
2.8603084,1258,-0.83119
-4.9655123,1259,-3.157271
-5.0694804,1260,-1.887166
0.60015297,1261,-1.586171
-0.19669724,1262,-1.278565
-7.4598565,1263,-3.308065
-6.253811,1264,-3.072866
-3.9862585,1265,0.74372
-2.8856258,1266,-3.539656
-7.8370304,1267,-2.902075
-5.730649,1268,-3.488838
-3.6831355,1269,-2.724807
-1.513876,1270,-2.947194
-6.9648323,1271,-2.907854
-6.2701225,1272,-2.037636
-5.9789286,1273,-0.302676
-1.292834,1274,0.013045
-3.8665426,1275,-4.295571
-5.528551,1276,-2.582442
-5.102369,1277,-3.202125
-0.66300154,1278,-2.10802
-2.798843,1279,-2.209184
-3.7647803,1280,-0.320686
-7.4731054,1281,-3.022999
-3.9764054,1282,-3.129291
0.2260983,1283,-0.195184
-7.4850125,1284,-2.72786
-3.8311267,1285,-1.456159
-7.850726,1286,-3.075654
-1.9422827,1287,-0.958127
-6.2864647,1288,-2.704633
-3.9478326,1289,-3.626279
-3.3295116,1290,-3.324618
-4.3575306,1291,-2.569942
-0.8757422,1292,-1.211023
-4.157324,1293,-2.4144
-1.224283,1294,-2.938873
-3.1501234,1295,-0.708674
0.06226635,1296,0.030809
-4.5303254,1297,-2.768369
-6.162574,1298,-3.232672
-2.5345368,1299,-0.285424
-3.5970695,1300,-2.461705
-6.9343777,1301,-2.815424
-3.1065366,1302,-3.580223
-9.151553,1303,-2.020353
-5.1807575,1304,-3.269892
-5.697731,1305,-3.289984
-8.445612,1306,-3.881669
-2.289833,1307,-2.890621
-1.0738423,1308,-1.7977
-4.876959,1309,-3.288262
-4.836932,1310,-2.653049
-6.264326,1311,-4.142011
-8.33302,1312,-2.912371
-7.7298956,1313,-2.706798
-0.98044443,1314,-0.293527
-10.6794815,1315,-2.321113
-9.442513,1316,-2.385828
-5.1708016,1317,-2.141212
-6.1674967,1318,-3.232139
-0.12423706,1319,-0.878025
-5.8057427,1320,-3.095804
-4.3923926,1321,-2.151361
-4.5416102,1322,-2.870298
-4.395417,1323,-2.433676
-5.5243034,1324,-2.336325
-7.6204343,1325,-2.081131
-8.179605,1326,-3.09955
-3.7698743,1327,-0.694582
-9.030999,1328,-3.136583
-6.512621,1329,-0.383136
-0.12599468,1330,-0.076341
-2.569101,1331,-0.493986
-5.790798,1332,-2.431587
-4.1580715,1333,-1.757447
-9.291727,1334,-3.368872
-7.154335,1335,-3.318605
-0.19995952,1336,-1.059252
-4.292282,1337,-2.104461
-6.2365246,1338,-2.394051
-6.508968,1339,-0.859172
-2.2595968,1340,-0.009831
-5.093753,1341,-3.746045
-1.3416984,1342,-1.685196
-2.6043234,1343,-2.601439
-6.9765573,1344,-2.710185
-6.722578,1345,-3.301503
-1.455481,1346,-3.13892
-2.1300874,1347,0.17503
-3.013955,1348,-2.04431
-2.8878727,1349,-2.90847
-6.1793966,1350,-2.88909
-10.086834,1351,-3.921325
-2.6787553,1352,-2.658913
-9.638229,1353,-2.929844
-0.25681448,1354,-0.307028
-6.118711,1355,-2.771446
-4.8161902,1356,-3.748201
-4.6598263,1357,-1.617772
-4.8589516,1358,-1.663127
-4.831996,1359,-2.416388
-5.1210017,1360,-2.689323
-9.5751095,1361,-3.484408
-2.559824,1362,-0.477918
-3.5632586,1363,-3.750241
-0.31895447,1364,-1.63529
-4.259294,1365,-3.314367
-5.5977836,1366,-3.189698
-3.73707,1367,-0.49112
-5.7499785,1368,-1.650741
-3.1038208,1369,-2.725653
-5.430079,1370,-3.045028
-2.460672,1371,-2.285091
-0.3982854,1372,-1.244251
0.21443558,1373,1.120066
-7.8454795,1374,-1.905717
-2.6962144,1375,-0.712921
-5.713424,1376,-1.145349
-5.096529,1377,-2.898034
-2.1277692,1378,-0.474164
-4.665091,1379,0.082281
-4.942211,1380,-4.167426
0.5735783,1381,-0.842256
-2.6958203,1382,-1.960898
-7.564721,1383,-2.723544
-0.21610975,1384,-1.414327
-5.324085,1385,-3.68874
-9.727049,1386,-3.472897
-4.0006495,1387,0.107596
-6.143468,1388,-3.673672
-1.4448128,1389,-0.048548
-5.522008,1390,-2.692477
-3.8949885,1391,-2.400956
-0.139647,1392,-0.816506
-7.2926,1393,-3.173551
-3.9466455,1394,-0.760539
-5.1966486,1395,-2.749958
-7.5448527,1396,-3.024226
-4.3388696,1397,-3.872799
-4.02016,1398,-0.697787
-1.0721574,1399,-3.326971
-2.1754346,1400,-1.449229
-8.099464,1401,-3.133729
-2.262467,1402,-0.394353
-5.686057,1403,-1.287308
-4.245769,1404,-1.322382
-6.664575,1405,-0.802194
-4.6692786,1406,0.23259
-4.929185,1407,-1.584838
-3.6497264,1408,-1.548071
-8.70323,1409,-2.589951
-3.378902,1410,-0.032511
-5.18151,1411,-4.215845
-2.3577554,1412,-1.081892
-2.934657,1413,-2.29771
-2.4819708,1414,-2.554123
-3.938555,1415,-3.62071
-6.1111493,1416,-2.026593
-5.3283954,1417,-1.037823
-4.3518343,1418,-3.139982
-7.507764,1419,-3.7434
-3.8740554,1420,-3.272888
-0.624568,1421,-2.020125
-6.105326,1422,-2.644822
-4.45935,1423,-1.336768
-3.89326,1424,-3.896898
-2.690073,1425,-2.345717
-3.3858488,1426,-3.009079
-6.0477896,1427,-3.633784
-2.1973827,1428,-1.386159
-5.5941834,1429,-4.28549
-10.179682,1430,-2.914645
-2.1047854,1431,-0.832924
-6.7200046,1432,-3.62812
-3.0209308,1433,-0.855778
-2.3016298,1434,-0.951159
-4.800517,1435,-2.500181
-7.140086,1436,-1.728714
-4.0740476,1437,-2.419234
-1.0701692,1438,-1.414824
-1.2026839,1439,-2.674455
-4.326846,1440,-1.485935
-7.567014,1441,-2.530365
-1.3932252,1442,-2.350438
-1.618498,1443,-0.542756
-5.9722757,1444,-2.12825
-4.6733365,1445,-3.170771
-5.422678,1446,-3.505854
-1.5893484,1447,-2.235773
-10.233048,1448,-2.195027
-5.6690903,1449,-2.612365
0.5511997,1450,-0.633975
-3.2270365,1451,-3.827651
-6.1578145,1452,-3.30559
-3.5632458,1453,-3.229248
-6.220789,1454,-3.179059
-3.476066,1455,-3.468623
-3.876875,1456,-2.612773
-2.266628,1457,-0.294271
-5.307615,1458,-2.852421
-8.424237,1459,-2.803724
-1.1723084,1460,-3.622026
-7.221564,1461,-3.320015
-5.258886,1462,-3.495318
-6.07329,1463,-3.435633
-4.096484,1464,-2.568231
-5.4968343,1465,-2.787285
-1.6435299,1466,-1.933382
-4.365674,1467,-1.00727
-5.895629,1468,-3.308604
-5.330758,1469,-3.063047
-3.1765006,1470,-0.55469
-7.427138,1471,-2.393783
-1.5051279,1472,-1.188825
-5.4444127,1473,-2.135659
-6.549561,1474,-2.706471
-1.1498199,1475,-3.097718
-8.095894,1476,-3.734476
-6.645941,1477,-2.186495
-2.9524646,1478,-1.36267
-3.8490312,1479,-1.168313
-0.7827778,1480,-0.466046
-3.0266466,1481,-1.643008
-2.8890684,1482,-1.842268
-5.1013055,1483,-2.509441
-0.1008544,1484,-1.197244
-1.2277129,1485,-0.556833
-7.3377347,1486,-2.596542
-0.6811633,1487,-0.216896
-4.9239397,1488,-1.520016
-7.9863853,1489,-2.956338
-4.7931986,1490,-3.038382
-8.638326,1491,-2.493467
-6.211203,1492,-2.29631
-3.1041822,1493,-2.611156
-1.8479719,1494,-0.35975
-0.6597276,1495,-0.368977
-4.7593412,1496,-2.361019
-2.8545575,1497,-2.793153
-3.800855,1498,-1.524597
-2.2729716,1499,-1.10526
-3.9539268,1500,-2.120583
-5.5018773,1501,-2.158172
-5.7900286,1502,-2.520757
-3.9262257,1503,-3.303715
-7.6370006,1504,-2.900133
0.4132409,1505,-0.534628
-7.9230704,1506,-1.658793
-7.724863,1507,-3.375971
-8.550377,1508,-3.063979
-1.5591004,1509,-1.335226
-6.301687,1510,-2.562524
-3.251428,1511,-0.835988
-6.659723,1512,-3.682269
-7.476058,1513,-4.254634
3.5352323,1514,-1.0925
-8.786078,1515,-3.892069
-4.206792,1516,-1.89284
-7.698277,1517,-2.833482
-7.3720913,1518,-3.327947
-2.6681356,1519,-0.247192
0.85643435,1520,0.008777
-1.7180185,1521,-1.116562
-6.039965,1522,-2.856788
-1.4954219,1523,-0.033137
-8.695384,1524,-3.600259
-2.5338237,1525,-1.744229
-2.1672354,1526,-0.054303
-2.779705,1527,-0.627332
-6.556721,1528,-3.362418
-4.941828,1529,-3.153971
-7.1867967,1530,-3.298171
-0.5588422,1531,-0.635136
-1.2431931,1532,-0.420815
-1.7630813,1533,-4.389568
-2.0579367,1534,0.14383
-1.2752523,1535,-1.960039
-5.487207,1536,-0.582151
-4.0821023,1537,-2.052975
-3.8862658,1538,-3.20312
-1.9682829,1539,-2.802638
-1.398581,1540,-0.633925
-4.0647798,1541,-1.274815
-7.376344,1542,-3.518649
-3.1262653,1543,-0.56063
-1.1485364,1544,-2.696208
-8.181588,1545,-3.898872
-8.445971,1546,-2.56136
-0.67196035,1547,-0.730905
-7.819209,1548,-3.716098
0.93825674,1549,-0.246481
-6.819167,1550,-3.178351
-4.1746926,1551,-1.152445
-5.582856,1552,-2.451682
-5.6312046,1553,-2.052987
0.6666908,1554,-1.157327
-5.750828,1555,-1.7642
-4.281217,1556,-3.45062
-5.399145,1557,-1.439378
-3.9171057,1558,-2.39972
-5.445543,1559,-1.82301
0.84866,1560,-0.38781
-1.5354367,1561,-0.893293
-4.7939534,1562,-1.82225
-9.758236,1563,-2.632517
-2.2168632,1564,-0.953709
-1.4391778,1565,0.026538
-6.0091906,1566,-3.053902
-2.2054167,1567,-0.743179
-8.500619,1568,-3.40413
-2.8315246,1569,-1.553772
-2.071937,1570,-2.688477
-1.7088373,1571,-4.057708
-0.63025975,1572,-2.090318
-6.6843915,1573,-3.269614
-9.159979,1574,-3.473057
-3.2877507,1575,-2.349681
-6.242482,1576,-2.826476
-2.1811686,1577,-0.270536
-6.0668797,1578,-3.745438
-2.7836542,1579,-0.65586
-5.9560366,1580,-3.877513
-0.47268432,1581,0.122976
-4.5254703,1582,-3.530222
-3.0172057,1583,-2.52631
-7.439717,1584,-3.952057
-6.117115,1585,-1.39892
-6.9801507,1586,-2.790108
-4.1588783,1587,0.65115
-1.2299354,1588,-1.213223
-2.488583,1589,-1.724194
-8.809544,1590,-2.483016
-8.156806,1591,-4.143109
-5.610135,1592,-1.028641
-2.4499633,1593,-2.019228
-5.819242,1594,-1.815366
-3.9079869,1595,-3.328905
-5.476319,1596,-0.072061
-10.028912,1597,-3.753176
-2.3114953,1598,-0.415552
-4.2088127,1599,-2.042308
-8.212768,1600,-3.777464
-6.078043,1601,-3.136468
-6.428611,1602,-3.046727
-2.8186693,1603,-0.446014
-3.9801831,1604,-3.333056
-7.3950195,1605,-1.676004
0.21079779,1606,-0.994693
-9.172959,1607,-2.551237
-5.16828,1608,-1.102722
-6.9791718,1609,-1.736309
-5.3764005,1610,-4.07171
-1.0411012,1611,-0.590108
-3.7663655,1612,-2.015258
-1.509213,1613,-0.516416
-10.222528,1614,-3.256271
-6.155293,1615,-3.505757
1.1638174,1616,-1.00992
-5.724429,1617,-3.937227
-5.2410674,1618,-1.734113
-6.1386065,1619,-3.302056
-2.8086143,1620,-2.200419
-5.8873215,1621,-2.506825
-2.880354,1622,-0.288693
-6.420736,1623,-3.089043
-6.097358,1624,-1.838638
-3.309997,1625,-3.726141
-4.675247,1626,-2.340848
-8.639393,1627,-2.857215
-8.177099,1628,-4.254941
-7.937872,1629,-1.7823
-4.7524986,1630,-3.470646
-3.9744565,1631,-2.225833
-6.272488,1632,-3.463444
-5.0963306,1633,-2.620949
-6.930836,1634,-2.927748
-8.003798,1635,-3.274184
-8.642575,1636,-4.113075
-3.4900231,1637,-1.032844
-7.179552,1638,-2.549828
-1.5983078,1639,-1.964718
-3.9780674,1640,-1.871237
-1.7309568,1641,-1.813634
-8.556318,1642,-3.91185
-4.353252,1643,-2.006345
-3.3415802,1644,-3.134266
-6.8946257,1645,-2.188346
-5.4614115,1646,-2.99551
-3.6737826,1647,-3.610618
-6.291355,1648,-3.129511
-0.72596693,1649,-0.631588
-5.2820244,1650,-0.468034
-9.718404,1651,-3.406704
-5.3892636,1652,-4.097805
-4.491704,1653,-1.812333
-4.2606845,1654,-2.572342
-6.042319,1655,-2.959408
-5.3380632,1656,-3.442761
-5.1913013,1657,-3.949415
-6.2969723,1658,-3.235764
-1.4363251,1659,-2.09081
-5.5945206,1660,-2.600948
-3.4438472,1661,-4.080882
-5.283616,1662,-2.988535
-4.818244,1663,-1.163545
-5.1524453,1664,-2.868207
-2.56595,1665,-3.049051
-2.5770452,1666,-2.943223
-6.2472258,1667,-2.478354
-5.443377,1668,-1.704651
-2.788796,1669,0.041671
-7.5513215,1670,-1.697952
-1.2770977,1671,-1.042156
-0.9745946,1672,-1.155366
-5.53317,1673,-1.953377
-3.0977454,1674,-0.497141
-9.014083,1675,-2.492737
-9.2512455,1676,-2.757366
-10.915071,1677,-4.386098
-4.498517,1678,-3.692238
-2.0618703,1679,-0.943499
-2.2814493,1680,-2.645584
-3.0833626,1681,-2.321831
-10.707852,1682,-3.25266
-4.0002947,1683,-1.617674
-4.3153605,1684,-1.359182
-9.032109,1685,-2.047643
-7.1255636,1686,-0.862981
-8.336944,1687,-3.204995
-5.950762,1688,-3.383136
-5.345729,1689,-0.804619
-2.157348,1690,-2.007058
-3.4632194,1691,0.46995
-2.4074507,1692,-2.121582
-5.5955706,1693,-3.758446
-8.134068,1694,-2.758038
-6.7156796,1695,-3.679119
-2.287034,1696,-2.223013
-8.841467,1697,-2.904286
-6.7872753,1698,-2.581475
-10.426966,1699,-2.593935
-9.968047,1700,-3.195458
-3.1624758,1701,-3.770218
1.7893589,1702,-0.408456
-2.6930213,1703,-0.457294
-6.7692037,1704,-3.238384
-2.734118,1705,-0.6954
-4.545742,1706,-2.988619
-1.9134989,1707,-1.65845
-1.6780553,1708,-1.565727
-6.543271,1709,-3.482235
-5.8872123,1710,-1.213583
-3.903434,1711,-1.997305
-0.9740639,1712,-1.381924
-6.093262,1713,-3.923439
-6.352478,1714,-2.029457
-2.845542,1715,0.659776
-1.4569333,1716,0.381091
-1.5405788,1717,-0.374898
-5.425249,1718,-2.350145
-8.904295,1719,-4.031045
-2.9693804,1720,-0.992368
-4.223231,1721,-1.635981
-5.13906,1722,-2.123105
-4.142073,1723,-0.885233
-8.086538,1724,-3.749031
-1.1994314,1725,-1.775479
-3.8822165,1726,-2.178647
-4.8662457,1727,-1.165183
-2.4708953,1728,-3.205303
-7.8650618,1729,-3.561664
-5.135695,1730,-1.343152
-2.4400384,1731,-0.382753
-1.7181853,1732,-1.990812
-4.9730797,1733,-3.595892
-7.028819,1734,-2.740935
-2.0896854,1735,-2.174031
-2.3009977,1736,-0.888617
-2.3028212,1737,-3.883586
-3.2914326,1738,0.279547
-3.2755358,1739,-1.131798
-3.1418102,1740,-0.707288
-4.7447453,1741,0.553775
-7.142677,1742,-3.794662
0.35446882,1743,-0.526594
-4.5670624,1744,-2.966163
-1.3689814,1745,-0.528505
-4.4135466,1746,-3.53861
-5.151885,1747,-1.206849
-1.108827,1748,-0.205814
-4.5260644,1749,-2.305285
-6.054492,1750,-3.653494
-2.4471402,1751,-0.526592
-6.587064,1752,-4.02841
-6.5488796,1753,-3.619156
-6.6635814,1754,-2.392957
-6.300435,1755,-2.925034
-1.9239076,1756,-0.168637
-4.5019126,1757,-4.385687
-7.8239455,1758,-2.354805
-4.4802575,1759,-2.254242
-2.7864194,1760,0.011592
-8.015046,1761,-0.94631
-0.07183242,1762,-0.896233
-4.7727866,1763,-2.277977
-3.3342404,1764,-1.225961
-2.7672198,1765,-0.213299
0.59166616,1766,-1.889644
-5.2411914,1767,-3.774984
-5.628932,1768,-1.892864
-9.0547695,1769,-4.291816
-2.9108148,1770,0.161597
-1.8300037,1771,-3.497084
-8.633755,1772,-3.096001
-5.176094,1773,-3.731915
-6.776016,1774,-3.576478
-7.258096,1775,-3.092738
-1.5809107,1776,-1.348838
-7.278813,1777,-2.185073
-2.8081095,1778,-3.033791
-7.25986,1779,-1.579694
-2.7535272,1780,-2.314332
-5.024581,1781,-3.16336
-7.8788805,1782,-1.687118
-1.6100348,1783,-0.463923
-11.704732,1784,-3.418689
-4.697365,1785,-3.277092
-10.808662,1786,-4.343784
-7.8588004,1787,-3.845941
-3.2367158,1788,-0.085079
-0.05686283,1789,-1.005736
-6.7285733,1790,-2.611038
-5.574197,1791,-2.231142
-6.904457,1792,-1.224042
-1.1886413,1793,-0.285853
-1.428433,1794,-0.845873
-4.5794578,1795,-0.149281
-8.973753,1796,-2.919006
-6.8216968,1797,-0.93897
-0.2860322,1798,-0.720456
-9.352715,1799,-3.538796
-3.564535,1800,-3.092828
-6.8644133,1801,-2.691745
-3.519156,1802,-2.071677
-2.1502752,1803,-1.096386
-2.6298947,1804,-0.372294
-3.6258173,1805,-3.597756
-3.7555668,1806,-0.89404
-6.7734766,1807,-3.987887
-3.8845854,1808,-2.544936
-6.4547663,1809,-1.930059
0.66188717,1810,-3.139087
-2.8349392,1811,-1.694782
-4.9498224,1812,-3.184988
-4.72414,1813,0.107415
-3.3310926,1814,-2.942167
-0.9200392,1815,0.278498
-8.502611,1816,-3.389121
-1.8161753,1817,-2.187703
-2.238648,1818,-1.112239
-3.5728226,1819,-3.807854
-5.352074,1820,-2.780888
-4.952156,1821,-3.054928
-4.9540305,1822,-3.158096
-10.02202,1823,-3.50606
-5.821654,1824,-1.826867
-4.5488157,1825,-2.642126
-2.9483664,1826,-1.261283
-5.925643,1827,-1.038881
-1.0716271,1828,-0.694792
-2.6078334,1829,-2.250349
-11.368011,1830,-1.846618
-3.556467,1831,-1.544552
-2.7287085,1832,-0.469696
-2.336574,1833,-3.144766
-1.1899781,1834,-0.498257
-3.753501,1835,-2.643816
-2.9680083,1836,-2.340542
-5.5668273,1837,-3.366195
-1.3460923,1838,0.600625
-3.9812071,1839,-1.907443
-3.5958138,1840,-1.465388
-7.181875,1841,-2.890703
-3.088292,1842,-1.231482
-3.4555619,1843,-2.500786
-10.400717,1844,-3.706639
-4.8597894,1845,-2.037746
-8.698947,1846,-2.729038
0.8656573,1847,-0.476851
-4.124274,1848,-1.281571
-1.2055407,1849,-1.455777
-8.370252,1850,-3.19656
-3.2599916,1851,0.052571
-7.085164,1852,-3.227565
-2.000215,1853,-0.891399
-3.5196643,1854,-2.613682
-5.1447277,1855,-1.778709
-7.3740396,1856,-2.905194
-2.6079082,1857,-0.464145
-4.3003535,1858,-2.384645
-7.3112993,1859,-1.199292
-2.1667268,1860,-0.916253
-5.9773207,1861,-2.135533
2.4825466,1862,-1.061064
-4.9906125,1863,-3.039527
-3.5717773,1864,-0.163194
-6.938701,1865,-3.481773
0.28830028,1866,-1.682827
-8.515356,1867,-2.332667
-7.24469,1868,-3.093653
-3.4637775,1869,-0.979048
-2.2888913,1870,-1.573449
-6.035943,1871,-2.960084
-5.110664,1872,-2.700871
-1.5742625,1873,-0.671856
-3.6233363,1874,-0.303123
-2.4317992,1875,-1.414367
-3.4401608,1876,-2.962104
0.01725316,1877,-1.587064
-6.1313276,1878,-2.623709
-6.0167017,1879,-3.918617
-9.069126,1880,-3.126983
-2.4039814,1881,-1.216473
-0.9037651,1882,-0.037909
-3.3540363,1883,-3.269453
-7.3015757,1884,-3.348024
-6.087741,1885,-2.649819
-2.5171628,1886,-0.294789
-3.2997541,1887,-1.090381
-7.7717752,1888,-1.826255
-9.344276,1889,-2.543838
-3.2675314,1890,-0.766595
-8.3800745,1891,-4.485858
-2.9941196,1892,-1.898145
-5.403104,1893,-1.098233
-2.5897217,1894,-1.847187
-3.4102888,1895,0.732907
-4.2322087,1896,-0.400583
-5.1165667,1897,-3.527072
-0.44123387,1898,-0.488922
-5.251733,1899,-1.464265
-5.8207245,1900,-2.429728
-7.578816,1901,-3.196317
-3.8772454,1902,-1.64515
-0.80980873,1903,-2.007041
-5.6012926,1904,-3.017759
-8.77048,1905,-2.130633
-6.963932,1906,-2.821972
-5.336762,1907,-3.037225
-5.8497467,1908,-3.273238
-2.3285007,1909,-1.163232
-4.9035373,1910,-2.153728
-4.114645,1911,-3.038243
-1.77333,1912,-3.197045
-5.4425826,1913,-2.595692
-5.6957016,1914,-2.250938
-5.426484,1915,-2.03452
-6.090526,1916,-2.348713
-3.8751879,1917,-1.982417
-5.4103446,1918,-3.424417
-4.2123394,1919,-3.395691
-5.3464,1920,-3.289871
-4.320909,1921,-3.511982
-2.6218052,1922,0.428323
-3.225503,1923,-0.333917
-4.9422817,1924,-2.844236
-2.6701825,1925,-1.995982
-9.441662,1926,-2.877052
-5.608264,1927,-3.708894
-0.89450836,1928,-0.653669
-2.4890113,1929,-1.779331
-6.0795426,1930,-2.566353
-0.46853864,1931,-0.783857
-1.212382,1932,-1.188422
-1.8501567,1933,0.224605
-4.255621,1934,0.544496
-6.252267,1935,-1.225703
-0.18436837,1936,-1.625924
-0.8943958,1937,-2.567624
-5.9870024,1938,-0.693418
-3.8792868,1939,-0.477934
-3.3057022,1940,-0.016267
-1.4840243,1941,-1.894603
-10.209951,1942,-2.78344
-5.7117844,1943,-4.225729
-4.4947634,1944,-1.096897
-1.8707772,1945,0.34266
-7.0609317,1946,-4.515222
-7.862873,1947,-3.839823
-2.2544074,1948,-3.744456
-3.2330823,1949,-1.267609
-4.127785,1950,0.093588
-5.594227,1951,-3.842534
-2.874889,1952,-1.273606
-4.3812103,1953,-3.560667
-6.8079405,1954,-2.322207
-10.266236,1955,-3.056169
-2.2798634,1956,-3.199544
-8.146992,1957,-3.184658
-7.587468,1958,-2.958052
-6.9107857,1959,-3.009132
-7.417383,1960,-3.330317
-1.0169241,1961,-1.856505
-2.7929087,1962,-2.782923
-2.2469907,1963,-1.208364
-2.2380672,1964,1.16091
-2.1506565,1965,-4.217109
-2.5010977,1966,-3.511679
-7.3720493,1967,-1.02776
-2.9235523,1968,-1.365583
-4.458025,1969,-1.074163
-9.511777,1970,-4.389957
-4.4309983,1971,-2.784438
-6.5743065,1972,-3.855954
-3.7446387,1973,-2.687087
-3.9537039,1974,-3.496653
-3.6129255,1975,-3.137287
-1.1439764,1976,-2.001423
-7.175415,1977,-3.61415
-4.806725,1978,-3.311185
-6.9258475,1979,-3.571401
-5.699916,1980,-2.856654
-2.1791797,1981,-3.342861
-5.151457,1982,-2.258972
-4.219595,1983,-3.494899
-5.6726475,1984,-3.018548
-6.0147576,1985,-0.99589
-3.057413,1986,-2.475495
-4.640671,1987,-0.731495
-2.1464944,1988,-2.053353
-4.3658714,1989,-3.537706
-5.7272196,1990,-4.222567
-2.4948633,1991,-2.001388
-3.2252078,1992,-1.116845
-4.347208,1993,-2.616724
-3.1853323,1994,-0.301843
-4.00576,1995,-2.131552
-3.4896045,1996,-0.640494
-3.057195,1997,0.021552
-7.7701907,1998,-3.484989
-4.8489428,1999,-1.822766
-2.075142,2000,0.08108
1.3976696,2001,0.504102
-5.0576706,2002,-3.114082
-7.8629913,2003,-3.26749
-4.264616,2004,-3.356149
-9.357954,2005,-4.141836
-6.06372,2006,-2.952585
-9.177381,2007,-2.888779
-4.1721406,2008,-3.302097
-10.906122,2009,-3.453601
-9.512472,2010,-3.527175
-6.206045,2011,-2.717099
-5.016993,2012,-2.026235
-8.993589,2013,-4.657782
-4.447281,2014,-0.781901
-6.361002,2015,-3.404114
-9.372463,2016,-4.426725
-4.979083,2017,-4.061337
-2.947846,2018,-1.359268
-4.802569,2019,-1.12377
-5.5781837,2020,-2.844047
-6.017046,2021,-1.838639
-0.91020954,2022,-1.236102
-5.585878,2023,-2.078992
-4.8637476,2024,-3.377305
-1.8739452,2025,-0.573149
-6.238935,2026,-1.67327
-3.1439092,2027,-3.549832
-3.0899792,2028,-0.74461
-3.704748,2029,-3.103372
-6.5229616,2030,-0.568014
-0.39601684,2031,-4.064194
-1.8792605,2032,-0.778516
-6.004472,2033,-1.367517
-5.776875,2034,-4.814606
-3.7974722,2035,-3.615913
-4.086403,2036,-0.628229
-6.282027,2037,-2.395487
-4.4305034,2038,-3.059042
-5.795979,2039,-2.495941
-3.321673,2040,-1.092717
-2.71628,2041,-0.117712
-2.8566465,2042,-3.750655
-5.118691,2043,-2.250634
-2.823306,2044,-2.892506
-4.8705835,2045,-2.280773
-2.546583,2046,-3.759346
-3.317387,2047,-2.975843
-6.663254,2048,-3.546643
-7.329477,2049,-2.859653
-0.40174842,2050,-1.483271
-6.620124,2051,-3.462371
-4.603163,2052,-3.159959
-9.634001,2053,-2.889572
-1.7982899,2054,-0.588336
-2.235411,2055,-2.532661
-8.881455,2056,-2.627127
-8.765762,2057,-3.478353
-4.498414,2058,-3.243146
-8.190553,2059,-3.742279
-10.570889,2060,-2.578814
-5.87725,2061,-2.04424
-9.59031,2062,-3.831909
-4.9800625,2063,-1.37179
-2.648112,2064,0.649017
-4.2727113,2065,-2.910713
-3.4196813,2066,-2.24272
-3.4033747,2067,0.182917
-8.091778,2068,-2.18234
-2.1627584,2069,-0.285827
-0.625417,2070,-3.401881
-1.9425068,2071,-0.973037
-3.2321694,2072,-2.608984
-6.8609185,2073,-2.471075
-4.45792,2074,-2.318172
-4.1357985,2075,-2.515895
-8.509926,2076,-3.250554
-1.0920331,2077,-1.362248
-6.6568127,2078,-4.274251
-4.4598722,2079,-1.617016
-6.6742277,2080,-2.287364
-7.40789,2081,-3.813323
-3.2861884,2082,-0.130108
-7.0339108,2083,-3.098625
-8.609842,2084,-2.07462
-2.96771,2085,-2.463424
-7.315282,2086,-3.958767
0.9388056,2087,-1.401533
-6.97692,2088,-3.564805
-7.934405,2089,-4.145705
-8.537148,2090,-3.940223
-5.3299074,2091,-3.046345
-7.16106,2092,-2.925537
-2.2499092,2093,0.666703
0.35917997,2094,-0.636013
-9.1619005,2095,-3.69469
-0.9194391,2096,-2.720821
-3.792498,2097,-3.283743
-4.8391767,2098,-2.502776
-2.5161126,2099,-2.461895
-7.7322984,2100,-2.843518
-1.1444514,2101,-2.09774
-2.813895,2102,-1.703267
-6.1167197,2103,-1.323049
-1.0322785,2104,-1.191017
-5.404049,2105,-2.805113
-6.309453,2106,-3.841413
-2.064706,2107,-3.535035
-3.4165869,2108,-2.652058
-6.179721,2109,-4.104423
-4.9596543,2110,-1.236848
-0.072564125,2111,-2.515674
-6.5039573,2112,-3.564619
-5.178357,2113,-3.096549
-6.9775677,2114,-3.65509
-0.60574865,2115,-0.306873
-5.2862244,2116,-0.028053
-1.6375022,2117,-1.724148
-3.1843433,2118,-0.280029
-5.600943,2119,-1.627698
-2.614904,2120,-2.250235
-3.7278633,2121,-3.236919
-0.59862995,2122,-1.919961
-2.216331,2123,-0.459016
-2.2410777,2124,0.109707
-8.765015,2125,-3.246482
-2.7201965,2126,-1.722917
-4.973499,2127,-1.5423
-7.5780687,2128,-3.559268
-3.2847662,2129,-2.439399
-4.555828,2130,-2.564192
-3.223378,2131,-2.375304
-8.902599,2132,-3.433237
-4.3909163,2133,-2.811341
-3.005914,2134,-2.613867
-4.602429,2135,-3.283201
-0.8803396,2136,-1.617379
-2.0717585,2137,-1.129837
-6.8895855,2138,-2.45985
-5.1773653,2139,-1.568844
-0.3059659,2140,-0.856278
-1.173918,2141,-0.433908
-4.4995546,2142,-1.388757
-0.57430553,0,-1.139491
